iter	Quantile:alpha=0.5
0	0.7081218532
1	0.694299614
2	0.6807096763
3	0.6676414292
4	0.6544669418
5	0.6426338185
6	0.6315146343
7	0.6207809501
8	0.6113626991
9	0.603003617
10	0.595295402
11	0.5861156969
12	0.5773421905
13	0.5695468648
14	0.5621507357
15	0.555975506
16	0.5494273645
17	0.5436622854
18	0.5386314328
19	0.5328942805
20	0.5273764857
21	0.5228423964
22	0.5183813451
23	0.5148705079
24	0.5111919699
25	0.5081827094
26	0.5047254047
27	0.5013485515
28	0.4984487434
29	0.4956213109
30	0.493038323
31	0.4905538266
32	0.4879976468
33	0.4860548226
34	0.484062401
35	0.4819592335
36	0.479868013
37	0.4781216028
38	0.4763241296
39	0.4747089612
40	0.4728485901
41	0.4714250098
42	0.4700838695
43	0.468575314
44	0.4673842128
45	0.4660208318
46	0.4648234965
47	0.463688395
48	0.4625985902
49	0.4614249496
50	0.4603777876
51	0.4592665402
52	0.4583189876
53	0.4573507835
54	0.4565324039
55	0.455727322
56	0.4549869193
57	0.4540913941
58	0.4536096269
59	0.4527438788
60	0.4520568061
61	0.4514253979
62	0.4508262963
63	0.4501066325
64	0.4494022457
65	0.4485809069
66	0.4478972418
67	0.4475113198
68	0.4468602607
69	0.4462582443
70	0.4457488598
71	0.4452266839
72	0.4447850593
73	0.4443534523
74	0.4439435283
75	0.4436346808
76	0.443235833
77	0.4426135968
78	0.442130328
79	0.4417561621
80	0.4414525208
81	0.4411006909
82	0.4406667674
83	0.4402894506
84	0.4399194072
85	0.4396853037
86	0.4393806361
87	0.4389429594
88	0.4387150069
89	0.4383902465
90	0.4381928496
91	0.4379447953
92	0.4378026573
93	0.4375629502
94	0.4373341787
95	0.437129056
96	0.4369397502
97	0.4366132183
98	0.4363439834
99	0.4361154796
100	0.4357769269
101	0.4355070417
102	0.4352491263
103	0.4347731581
104	0.4344392856
105	0.4341514111
106	0.4337917938
107	0.4334575634
108	0.4330937383
109	0.432610624
110	0.4322717194
111	0.4319189705
112	0.4315864909
113	0.4311986319
114	0.4310001591
115	0.4307856668
116	0.4306353007
117	0.4303337256
118	0.430076461
119	0.429811539
120	0.429438179
121	0.4292300001
122	0.4290209292
123	0.4287165373
124	0.4281208376
125	0.4280026226
126	0.4278265815
127	0.4276748245
128	0.4275236624
129	0.4271103616
130	0.4269565637
131	0.426711818
132	0.426531267
133	0.4261047145
134	0.4259409833
135	0.4257915384
136	0.4255560618
137	0.4251864373
138	0.4250238115
139	0.424803882
140	0.4246611812
141	0.4243119398
142	0.424016108
143	0.4238423957
144	0.4235697871
145	0.4232754686
146	0.4231447174
147	0.423057599
148	0.4229030315
149	0.4225992202
150	0.4223303923
151	0.4221964419
152	0.4219730314
153	0.4218100618
154	0.4215753176
155	0.4214094996
156	0.4212767525
157	0.4211841507
158	0.421074121
159	0.4208071546
160	0.4207175178
161	0.4203640816
162	0.4202576836
163	0.420071647
164	0.4197280027
165	0.4194061314
166	0.4192788283
167	0.4191960831
168	0.4189087905
169	0.4187973624
170	0.4186515271
171	0.4184182263
172	0.4182637483
173	0.4180951561
174	0.4178741062
175	0.4175659021
176	0.4173695805
177	0.4172427396
178	0.4171020144
179	0.4169866878
180	0.4168100223
181	0.4166028687
182	0.4164389814
183	0.4162341294
184	0.4160011315
185	0.4158326873
186	0.4156144984
187	0.4154764374
188	0.4154061752
189	0.4153284116
190	0.4151174768
191	0.4149503599
192	0.414611319
193	0.4144419796
194	0.4140444259
195	0.413837967
196	0.4136477522
197	0.4134859466
198	0.4132699684
199	0.4131027137
200	0.4125574697
201	0.4123509287
202	0.4120922719
203	0.4117829112
204	0.4115460642
205	0.4113303671
206	0.4110530189
207	0.4106938302
208	0.4104856333
209	0.4102939329
210	0.4101123755
211	0.4099745833
212	0.4098625411
213	0.4097449088
214	0.4094823064
215	0.4091455486
216	0.4087348742
217	0.4083265614
218	0.4080675504
219	0.4079402323
220	0.4076210676
221	0.4074432495
222	0.4072474167
223	0.4070538588
224	0.4068762695
225	0.4067781761
226	0.4065487662
227	0.4063909767
228	0.406245008
229	0.4061201501
230	0.4058230072
231	0.4056646962
232	0.4055396636
233	0.4053486146
234	0.4050787823
235	0.4047132083
236	0.4044935321
237	0.404365459
238	0.4042218647
239	0.4040380582
240	0.4039348146
241	0.4038373802
242	0.4035826627
243	0.4034695849
244	0.4033674331
245	0.4028301967
246	0.4026321657
247	0.40247641
248	0.4022017627
249	0.4018350394
250	0.4016624148
251	0.4015612334
252	0.4013880969
253	0.4012721368
254	0.4010835612
255	0.4008942423
256	0.4006739773
257	0.4004246302
258	0.4002222241
259	0.4000635762
260	0.3999082559
261	0.3996948978
262	0.3993111858
263	0.3992378886
264	0.3990154337
265	0.3988919276
266	0.3986883277
267	0.3984704976
268	0.3983236056
269	0.3982392682
270	0.3980957232
271	0.3979924581
272	0.3978648035
273	0.3977813411
274	0.3975991225
275	0.3973389708
276	0.3971878638
277	0.3969032572
278	0.3966472411
279	0.3965434428
280	0.3964473073
281	0.3963489263
282	0.3961978947
283	0.3959299966
284	0.3957716399
285	0.3956376605
286	0.3953963507
287	0.3950986266
288	0.3949872964
289	0.3947780902
290	0.3946856956
291	0.3944045492
292	0.3942645772
293	0.3940801671
294	0.3939421847
295	0.3938801332
296	0.3936558734
297	0.3935921703
298	0.3934206343
299	0.3931585539
300	0.3930407811
301	0.3927807066
302	0.3925761921
303	0.3924282739
304	0.3922540477
305	0.3921456498
306	0.3918819976
307	0.3918141213
308	0.3917418988
309	0.391638082
310	0.3915140055
311	0.3910800355
312	0.390911663
313	0.3906764103
314	0.3905771121
315	0.3904501802
316	0.3903864743
317	0.3901294051
318	0.3899870452
319	0.3897776454
320	0.3897359185
321	0.3895809143
322	0.3894758574
323	0.3893472922
324	0.3890609347
325	0.3889810962
326	0.3888442434
327	0.3887564906
328	0.388712814
329	0.3885752872
330	0.3884895398
331	0.3883036787
332	0.388009508
333	0.3878756065
334	0.3877781359
335	0.3876665754
336	0.3875248623
337	0.3874375868
338	0.3873271081
339	0.3871198609
340	0.3868299885
341	0.3867809282
342	0.3866400675
343	0.3864325726
344	0.3862900584
345	0.3861258336
346	0.385922796
347	0.3857859722
348	0.3856765913
349	0.3855811591
350	0.3854689413
351	0.385222964
352	0.3850974065
353	0.3849278401
354	0.3848739025
355	0.384724002
356	0.3845636384
357	0.3843334964
358	0.3842512288
359	0.3839163238
360	0.3838166714
361	0.3836779066
362	0.383595809
363	0.383385175
364	0.3832662363
365	0.3830111634
366	0.3828622827
367	0.3827027266
368	0.3826348097
369	0.3825418678
370	0.3824118575
371	0.3822372684
372	0.3820641793
373	0.3818581619
374	0.381639349
375	0.3815701295
376	0.381423406
377	0.3811834226
378	0.3808415649
379	0.3805458249
380	0.3804466033
381	0.380315761
382	0.3802365189
383	0.3799394893
384	0.3797514339
385	0.3795946124
386	0.3793389342
387	0.379106109
388	0.3788983724
389	0.3787757727
390	0.3786831585
391	0.3785479178
392	0.3782464779
393	0.3780610623
394	0.3780024721
395	0.3779194764
396	0.3777925226
397	0.3777276443
398	0.3775811743
399	0.3774732735
400	0.3773927052
401	0.3772273571
402	0.3770556801
403	0.376825117
404	0.3766910775
405	0.3765470564
406	0.3763271067
407	0.3762235049
408	0.3761459968
409	0.3759296276
410	0.3757795226
411	0.3756743712
412	0.3755009898
413	0.3752772909
414	0.375181862
415	0.3750118386
416	0.3749322898
417	0.3747317039
418	0.3746879152
419	0.3744711367
420	0.3742321823
421	0.3741708479
422	0.3740339094
423	0.3739003669
424	0.3738389658
425	0.3737230333
426	0.3736110192
427	0.3735302231
428	0.3733970787
429	0.3732787832
430	0.3730524779
431	0.3728884199
432	0.3728353085
433	0.3727568399
434	0.3726893763
435	0.3726346181
436	0.3725724306
437	0.3724408741
438	0.3723566762
439	0.3720990305
440	0.3719732942
441	0.3718704607
442	0.371786082
443	0.3717255575
444	0.3716934711
445	0.3715681657
446	0.371432712
447	0.3713144101
448	0.3712596067
449	0.3710953325
450	0.3709226603
451	0.3708427652
452	0.3707893578
453	0.3707009636
454	0.3706136338
455	0.3705310284
456	0.3704347304
457	0.3703516138
458	0.3702602746
459	0.3700822843
460	0.3699494752
461	0.3698550851
462	0.3697522911
463	0.3695706495
464	0.369438853
465	0.3693600657
466	0.3692370762
467	0.3691098968
468	0.3690123091
469	0.3688907677
470	0.3688479361
471	0.3687468249
472	0.3687045853
473	0.3686010079
474	0.3684462551
475	0.3682014034
476	0.3680306068
477	0.3679412455
478	0.3678859782
479	0.3677611577
480	0.3675743505
481	0.3674779505
482	0.3673935923
483	0.3672290458
484	0.3670556873
485	0.3670032257
486	0.3668746072
487	0.3667644341
488	0.3666975485
489	0.3665013316
490	0.3664654309
491	0.3664160866
492	0.3661968728
493	0.3660006982
494	0.3658072315
495	0.3657591395
496	0.3656363999
497	0.3655714177
498	0.3654238931
499	0.3652417761
500	0.3651428328
501	0.3650424649
502	0.3648474969
503	0.3647444291
504	0.3646494785
505	0.3645829664
506	0.3644913575
507	0.3644190751
508	0.3643652836
509	0.3642434156
510	0.3641543264
511	0.3640951691
512	0.363969409
513	0.3639016486
514	0.3638581894
515	0.3636420447
516	0.3636041563
517	0.3634877534
518	0.3633896161
519	0.3632535425
520	0.3632084281
521	0.3631171601
522	0.362998416
523	0.3629544065
524	0.3628450954
525	0.3628029866
526	0.3627482464
527	0.3626122012
528	0.3625517134
529	0.3625166978
530	0.3622510099
531	0.3621027683
532	0.3620326429
533	0.3619607194
534	0.36185681
535	0.3618182011
536	0.3615934371
537	0.3614959641
538	0.3613975241
539	0.3613097035
540	0.3612821301
541	0.3611348306
542	0.3611022278
543	0.361037633
544	0.3609793098
545	0.3608457144
546	0.3607863723
547	0.3606179782
548	0.3604515069
549	0.3603673499
550	0.3602299134
551	0.3600971673
552	0.3599681508
553	0.3598963341
554	0.3597602105
555	0.3596950385
556	0.3595331294
557	0.3594287673
558	0.3593284113
559	0.3592146814
560	0.359145814
561	0.3590160661
562	0.3589816342
563	0.3589208886
564	0.3588649137
565	0.3587027403
566	0.3585419258
567	0.3583931166
568	0.3582947243
569	0.3581931776
570	0.3580382792
571	0.3579477144
572	0.3578414209
573	0.3578044938
574	0.3577524365
575	0.3576690372
576	0.3576096579
577	0.3575064039
578	0.3573706173
579	0.3572947952
580	0.3572375861
581	0.3571975493
582	0.3570710769
583	0.3569588722
584	0.3568123509
585	0.3567384175
586	0.3565869447
587	0.3565231651
588	0.3564445567
589	0.3563002778
590	0.3562473759
591	0.3561905588
592	0.3560741122
593	0.3558636806
594	0.3557695538
595	0.3556846104
596	0.3555484216
597	0.3554448307
598	0.3553842543
599	0.355255641
600	0.3551263195
601	0.3550317602
602	0.3548714395
603	0.3548112261
604	0.3546791854
605	0.3546076974
606	0.3544922195
607	0.3543628326
608	0.3542942733
609	0.3542334968
610	0.3541809835
611	0.3540021085
612	0.3538933748
613	0.3536814996
614	0.3536002281
615	0.3535400919
616	0.3534989042
617	0.3534119433
618	0.3533542941
619	0.3532412138
620	0.3531695601
621	0.3531012052
622	0.3529771859
623	0.3528821875
624	0.3528054927
625	0.3527553315
626	0.3526278933
627	0.3525284117
628	0.3523816019
629	0.3523341136
630	0.352225026
631	0.3521197395
632	0.3520125733
633	0.3519558719
634	0.3518654424
635	0.3517893246
636	0.3516119583
637	0.351448181
638	0.351357582
639	0.3511478048
640	0.3509948482
641	0.3509505458
642	0.3509323945
643	0.3507398161
644	0.3506565696
645	0.3505372855
646	0.3504597268
647	0.3503259452
648	0.3502273877
649	0.3501798556
650	0.3500149202
651	0.3498979916
652	0.349769997
653	0.3497010341
654	0.3495879725
655	0.3494726337
656	0.3492708887
657	0.3492015515
658	0.3491103516
659	0.3490139181
660	0.3488539773
661	0.3486845529
662	0.3486066652
663	0.3485713684
664	0.3484994946
665	0.3483661926
666	0.3482515084
667	0.3481849638
668	0.3481192983
669	0.3480570194
670	0.3480172965
671	0.3478966545
672	0.3477653409
673	0.3476529101
674	0.3475966906
675	0.3474495142
676	0.3473466024
677	0.3472316431
678	0.3471979538
679	0.3471555141
680	0.3470170765
681	0.3469272458
682	0.3468227131
683	0.3467964479
684	0.3467081025
685	0.3466952747
686	0.3466035869
687	0.3464911741
688	0.3463694935
689	0.3463163908
690	0.3462351315
691	0.3461759371
692	0.3461182896
693	0.3459412521
694	0.3458398192
695	0.3456748038
696	0.3456401768
697	0.3455728103
698	0.3455006639
699	0.3454480804
700	0.345387525
701	0.3453206126
702	0.345224952
703	0.3451582566
704	0.3451145514
705	0.3449895217
706	0.3449284107
707	0.3448968477
708	0.344724392
709	0.3446444942
710	0.3446163433
711	0.3444983116
712	0.3444202241
713	0.3443616015
714	0.344298598
715	0.3441543771
716	0.3440806263
717	0.3440453001
718	0.3438795164
719	0.3438091721
720	0.3437287823
721	0.3436485413
722	0.3435782564
723	0.3435082384
724	0.3434431534
725	0.343359119
726	0.3432910508
727	0.3431806751
728	0.3431224524
729	0.3430782936
730	0.3429623563
731	0.3428663269
732	0.3428178755
733	0.3427825379
734	0.3427174203
735	0.3425585671
736	0.3424633509
737	0.3423532394
738	0.3423052093
739	0.3422249308
740	0.342175037
741	0.3421182526
742	0.3419528145
743	0.3418699205
744	0.3418554676
745	0.341758626
746	0.3416583751
747	0.3415214151
748	0.3414413295
749	0.3413909183
750	0.3413182352
751	0.3412667991
752	0.341215322
753	0.3411726885
754	0.3410668271
755	0.3410120704
756	0.3409316656
757	0.3408057278
758	0.3407266375
759	0.3406763266
760	0.3406487815
761	0.3406333881
762	0.3405110443
763	0.3404335214
764	0.3403728849
765	0.3403000892
766	0.3402839568
767	0.3402591101
768	0.3401573752
769	0.340105657
770	0.3399543473
771	0.3398542414
772	0.3398200862
773	0.3397029931
774	0.3396593163
775	0.3395614569
776	0.3394934511
777	0.339409096
778	0.3392819406
779	0.3392308963
780	0.3391313932
781	0.3389808552
782	0.3388674661
783	0.3388237502
784	0.3387457862
785	0.3387206594
786	0.3386377683
787	0.3385698584
788	0.3385303662
789	0.3384176195
790	0.3383797518
791	0.3383511397
792	0.3383098375
793	0.3382389182
794	0.3382089619
795	0.3381313235
796	0.3381097715
797	0.3380302292
798	0.3379897322
799	0.337926891
800	0.3379080864
801	0.3376965617
802	0.3375451559
803	0.3374915965
804	0.3373838241
805	0.3372173648
806	0.337155244
807	0.3371292333
808	0.3370678005
809	0.3370237984
810	0.3369739351
811	0.3369086956
812	0.3368670512
813	0.3368042765
814	0.3367578753
815	0.3367256186
816	0.3366662298
817	0.336637891
818	0.3366114517
819	0.3365533847
820	0.3365085725
821	0.3364323775
822	0.3363740014
823	0.3363062703
824	0.3362602762
825	0.336103327
826	0.336060962
827	0.3359315855
828	0.3359096284
829	0.3358050494
830	0.3357662926
831	0.3357439938
832	0.3357317069
833	0.3356924488
834	0.335623802
835	0.3355252336
836	0.3355083846
837	0.3354811772
838	0.3354474233
839	0.3354201302
840	0.3353766114
841	0.3353279135
842	0.3352729789
843	0.3352168073
844	0.3351881804
845	0.3351359903
846	0.3350699214
847	0.3350508916
848	0.3349976579
849	0.3349598324
850	0.3349343173
851	0.3348673191
852	0.3348186929
853	0.3346440602
854	0.3346279274
855	0.3345808726
856	0.3345156818
857	0.3344157489
858	0.3343728506
859	0.3342659937
860	0.3342242382
861	0.3341654661
862	0.3341170072
863	0.3340794026
864	0.3340411113
865	0.3339762944
866	0.333929348
867	0.333870309
868	0.3338174784
869	0.3337465859
870	0.3337296755
871	0.3336209142
872	0.3335465781
873	0.3335083247
874	0.3334815236
875	0.3334609716
876	0.3333644387
877	0.3332622971
878	0.3332162441
879	0.3331603613
880	0.3330867768
881	0.3330525477
882	0.3330219097
883	0.3330011616
884	0.3329431876
885	0.3328812057
886	0.3327868393
887	0.332747226
888	0.33268871
889	0.332552713
890	0.3325301083
891	0.3324956508
892	0.3324297744
893	0.3323471708
894	0.332211694
895	0.332138363
896	0.3320573411
897	0.3320219872
898	0.3319664336
899	0.3319148199
900	0.3318875881
901	0.3318170507
902	0.3317961193
903	0.3317158448
904	0.3316834493
905	0.3315639978
906	0.3315342089
907	0.3314278304
908	0.3313871978
909	0.3313223197
910	0.3312269426
911	0.3311088105
912	0.3310632212
913	0.3309907308
914	0.3309500778
915	0.3309286137
916	0.3308720798
917	0.330753423
918	0.3306620698
919	0.3305901362
920	0.3304766495
921	0.3304441334
922	0.3304131128
923	0.3303590289
924	0.3303112432
925	0.3302887742
926	0.3302286194
927	0.33016167
928	0.3301443028
929	0.3301041571
930	0.3300614026
931	0.3300202749
932	0.3299070088
933	0.3297768696
934	0.329726079
935	0.3296506594
936	0.3296253353
937	0.3296044376
938	0.3295744813
939	0.3295486864
940	0.3294821834
941	0.329462978
942	0.3294400355
943	0.32941419
944	0.3293768068
945	0.3293485661
946	0.3293050944
947	0.3292266516
948	0.3292024181
949	0.329182612
950	0.3291571166
951	0.3290630333
952	0.3290449582
953	0.3290249095
954	0.3289866655
955	0.3288237126
956	0.3287662945
957	0.3286962415
958	0.3286303499
959	0.3286053969
960	0.328534987
961	0.3285213998
962	0.3284147123
963	0.3282636477
964	0.3282295648
965	0.3281762106
966	0.3281349119
967	0.3281060211
968	0.3280625212
969	0.3280157995
970	0.3279609656
971	0.3279423776
972	0.3279201593
973	0.3278847897
974	0.3278370029
975	0.3278065339
976	0.3277844983
977	0.3277518587
978	0.3276042289
979	0.3275658219
980	0.3274741502
981	0.3274051107
982	0.3273948523
983	0.3273730762
984	0.3273440126
985	0.3272836103
986	0.3272397104
987	0.3272049001
988	0.3271679944
989	0.327139856
990	0.3270714447
991	0.3269691826
992	0.3269281094
993	0.3268293144
994	0.3267637846
995	0.3267125265
996	0.3265934593
997	0.3265704529
998	0.3265257998
999	0.3265031177
1000	0.3264886419
1001	0.326347001
1002	0.3263208829
1003	0.3261584211
1004	0.3260743975
1005	0.3259229463
1006	0.3259110058
1007	0.325855361
1008	0.325662352
1009	0.3255508336
1010	0.3255335362
1011	0.3255068024
1012	0.3254574997
1013	0.3254029624
1014	0.3253249088
1015	0.3252871543
1016	0.3252635731
1017	0.3252431697
1018	0.3251703676
1019	0.3251198006
1020	0.3250969849
1021	0.325072863
1022	0.3250275311
1023	0.3249766283
1024	0.3248750487
1025	0.3248413462
1026	0.3247940529
1027	0.3247445812
1028	0.3247298695
1029	0.3246451891
1030	0.3245695908
1031	0.3245069507
1032	0.3244505885
1033	0.3243646437
1034	0.3242862061
1035	0.3242040005
1036	0.3241638867
1037	0.3241020388
1038	0.3240664947
1039	0.3240504901
1040	0.3240010484
1041	0.3239683306
1042	0.3239025083
1043	0.3238602214
1044	0.3237677134
1045	0.3237248016
1046	0.3236716318
1047	0.3236160123
1048	0.3236020386
1049	0.3235554106
1050	0.3235055045
1051	0.3234673519
1052	0.3234458111
1053	0.3234072853
1054	0.3233060222
1055	0.323261129
1056	0.3232152041
1057	0.3231170192
1058	0.3230551988
1059	0.3230364958
1060	0.3230064784
1061	0.322994816
1062	0.3229818084
1063	0.3229718627
1064	0.3229163146
1065	0.3228465938
1066	0.3228224682
1067	0.3227717618
1068	0.3227036486
1069	0.322642801
1070	0.3225653364
1071	0.3225398411
1072	0.3224807178
1073	0.3223801366
1074	0.3223327746
1075	0.3222408163
1076	0.3222144033
1077	0.322138357
1078	0.3221091036
1079	0.3220804137
1080	0.3220523478
1081	0.3219780605
1082	0.3218764724
1083	0.3218500868
1084	0.3218119443
1085	0.3217603719
1086	0.3216322152
1087	0.3215828527
1088	0.3215633315
1089	0.3215230459
1090	0.321426604
1091	0.3214057671
1092	0.3213262454
1093	0.321259614
1094	0.3212134693
1095	0.3211737269
1096	0.3211556539
1097	0.3210994113
1098	0.3210594156
1099	0.3210186506
1100	0.3209790852
1101	0.3209574795
1102	0.3208749962
1103	0.3208058753
1104	0.3207856417
1105	0.3207699576
1106	0.3207410543
1107	0.3206930013
1108	0.3206664037
1109	0.3205559591
1110	0.3204951913
1111	0.3204476318
1112	0.3204244622
1113	0.3203761619
1114	0.3203568728
1115	0.3202594247
1116	0.3201781218
1117	0.3201155146
1118	0.3200836208
1119	0.320037042
1120	0.319979744
1121	0.3199655969
1122	0.3199353471
1123	0.3198366267
1124	0.3197922257
1125	0.3197676927
1126	0.3196997246
1127	0.3196694657
1128	0.3196374906
1129	0.3196078162
1130	0.3195914098
1131	0.3195377424
1132	0.3194576864
1133	0.3193503667
1134	0.3192738303
1135	0.3192466886
1136	0.3191513958
1137	0.3189879322
1138	0.31890681
1139	0.3188533865
1140	0.3188025981
1141	0.3186723065
1142	0.3186208703
1143	0.3185929992
1144	0.3185209394
1145	0.3184419679
1146	0.3183568463
1147	0.3183142472
1148	0.3182863002
1149	0.3181777115
1150	0.3181363735
1151	0.3181083375
1152	0.3180702641
1153	0.3179895765
1154	0.3179180596
1155	0.3178773012
1156	0.3178006331
1157	0.3177757183
1158	0.3176607862
1159	0.3176382475
1160	0.3176027733
1161	0.3175532746
1162	0.3175081729
1163	0.3174219895
1164	0.3174126505
1165	0.3172939189
1166	0.317214387
1167	0.3171732319
1168	0.3171646766
1169	0.3170817014
1170	0.3169412363
1171	0.3168995201
1172	0.3168232137
1173	0.3167958632
1174	0.316768712
1175	0.3166602595
1176	0.3166253315
1177	0.3165300928
1178	0.3164493209
1179	0.3164053425
1180	0.3163033436
1181	0.3162813612
1182	0.3161586277
1183	0.3161412473
1184	0.316099754
1185	0.3160311492
1186	0.3159907629
1187	0.3159531648
1188	0.3159354306
1189	0.3159227173
1190	0.3158778812
1191	0.3158299671
1192	0.3157069633
1193	0.3156741961
1194	0.3156526307
1195	0.3155993102
1196	0.315524975
1197	0.3154961543
1198	0.3154216466
1199	0.3153919792
1200	0.3153737297
1201	0.315326395
1202	0.3152740781
1203	0.3152491603
1204	0.3152273433
1205	0.3151904342
1206	0.3151813385
1207	0.3151409789
1208	0.3151315988
1209	0.3150697151
1210	0.3150475421
1211	0.3150162182
1212	0.3150094368
1213	0.3149830195
1214	0.3149711387
1215	0.3149433605
1216	0.3149308922
1217	0.3148645558
1218	0.3148078977
1219	0.3147853775
1220	0.314760547
1221	0.3147154772
1222	0.3146980876
1223	0.3146213652
1224	0.3145749137
1225	0.3145442201
1226	0.314530494
1227	0.3144371816
1228	0.3144008918
1229	0.3143757703
1230	0.3143477504
1231	0.3143282077
1232	0.3143192787
1233	0.3142613417
1234	0.3142276029
1235	0.3142144731
1236	0.31414569
1237	0.3141311889
1238	0.3140868925
1239	0.3140652092
1240	0.3140391181
1241	0.3140254392
1242	0.3139568416
1243	0.3138913866
1244	0.3138428074
1245	0.3138345436
1246	0.3137926174
1247	0.3137839117
1248	0.3137258401
1249	0.3136561681
1250	0.3136048869
1251	0.3135822705
1252	0.3135440174
1253	0.3134961375
1254	0.3134307386
1255	0.3133259648
1256	0.3133075686
1257	0.3132894959
1258	0.3132170051
1259	0.3130909131
1260	0.3130298691
1261	0.313006434
1262	0.3129790943
1263	0.3129132635
1264	0.3128659914
1265	0.3127844904
1266	0.3127372692
1267	0.3127022582
1268	0.3126585976
1269	0.3125329853
1270	0.3124881337
1271	0.3124799806
1272	0.3124625258
1273	0.3124356777
1274	0.3124030227
1275	0.3123539856
1276	0.3123402239
1277	0.3123357617
1278	0.3123003437
1279	0.3122653944
1280	0.3122476012
1281	0.3121913013
1282	0.3121300232
1283	0.3121097806
1284	0.3120897281
1285	0.3120511048
1286	0.3120310455
1287	0.3120097553
1288	0.3119975235
1289	0.3119476429
1290	0.311888584
1291	0.3118490493
1292	0.3118297552
1293	0.3117586678
1294	0.3117179306
1295	0.3116574456
1296	0.3115224344
1297	0.3115065181
1298	0.3114908155
1299	0.3114739161
1300	0.3114627692
1301	0.3114586615
1302	0.3114497741
1303	0.3114233922
1304	0.3114073362
1305	0.3113994218
1306	0.3113673545
1307	0.3113469744
1308	0.3113237329
1309	0.3112842316
1310	0.3112714593
1311	0.3112394398
1312	0.3112097959
1313	0.3111746624
1314	0.311149416
1315	0.3110224207
1316	0.310977082
1317	0.3109514327
1318	0.3108947206
1319	0.3108322871
1320	0.310815924
1321	0.310799941
1322	0.3107887534
1323	0.3107523742
1324	0.3107007099
1325	0.3106015346
1326	0.3105299415
1327	0.3104926602
1328	0.3104533092
1329	0.3104404232
1330	0.3103521495
1331	0.310324182
1332	0.3101763784
1333	0.3100295707
1334	0.3099949159
1335	0.3099035218
1336	0.3098608449
1337	0.3098425128
1338	0.3097705068
1339	0.3097119564
1340	0.3096586187
1341	0.3096432865
1342	0.3095748151
1343	0.3095027116
1344	0.3093880588
1345	0.3093645788
1346	0.3093304805
1347	0.3093081774
1348	0.3091602203
1349	0.308993971
1350	0.3089681925
1351	0.3088998296
1352	0.3088679346
1353	0.3088522878
1354	0.3088300925
1355	0.3087784715
1356	0.3087295556
1357	0.3086757824
1358	0.3086156474
1359	0.3085937244
1360	0.3085613139
1361	0.3085424715
1362	0.3084875341
1363	0.3084418247
1364	0.3084058377
1365	0.3082889556
1366	0.3082341729
1367	0.308194744
1368	0.3081570998
1369	0.308108049
1370	0.3080913572
1371	0.3079731645
1372	0.3079253572
1373	0.3078982143
1374	0.3078326064
1375	0.3078131081
1376	0.30777579
1377	0.3077595701
1378	0.3077432205
1379	0.3077053353
1380	0.3076555281
1381	0.3076127412
1382	0.30756126
1383	0.3075358396
1384	0.3075201702
1385	0.3074881199
1386	0.3074724419
1387	0.3073847178
1388	0.3073505901
1389	0.3073158563
1390	0.3072997337
1391	0.307259871
1392	0.3072414501
1393	0.3072014579
1394	0.3071889889
1395	0.3071548481
1396	0.3071422347
1397	0.3071093002
1398	0.3070593745
1399	0.3070542772
1400	0.3070298661
1401	0.3069918225
1402	0.306945632
1403	0.3069352564
1404	0.3068970894
1405	0.3068710025
1406	0.3068332121
1407	0.3067565796
1408	0.3067081352
1409	0.3066677061
1410	0.3066276317
1411	0.306615567
1412	0.3065893539
1413	0.3065291284
1414	0.3065150499
1415	0.3064407128
1416	0.3063949527
1417	0.3063586623
1418	0.3063202493
1419	0.3062992434
1420	0.3062553818
1421	0.3062193506
1422	0.3061957397
1423	0.3061720657
1424	0.3061625992
1425	0.3061340509
1426	0.3060947139
1427	0.3060777419
1428	0.3060700396
1429	0.3060481115
1430	0.3059893713
1431	0.3059603025
1432	0.3059195035
1433	0.3058955822
1434	0.3058864526
1435	0.3058534757
1436	0.3058396543
1437	0.3058131265
1438	0.3057736733
1439	0.3057520899
1440	0.3057331417
1441	0.3056805135
1442	0.3056184022
1443	0.3055825825
1444	0.3055097486
1445	0.305500125
1446	0.305477311
1447	0.3054082468
1448	0.3053747527
1449	0.3053298181
1450	0.3052948891
1451	0.3052600697
1452	0.3052471928
1453	0.3052316792
1454	0.3051816754
1455	0.3051517298
1456	0.3051308505
1457	0.305054895
1458	0.3050354767
1459	0.3050261217
1460	0.3050036958
1461	0.3049496927
1462	0.304925935
1463	0.3049102073
1464	0.3048634738
1465	0.3048472044
1466	0.3047947431
1467	0.304776883
1468	0.3047092594
1469	0.3046003529
1470	0.3045858941
1471	0.3045704138
1472	0.3044924209
1473	0.304453077
1474	0.3043511987
1475	0.3042955135
1476	0.3042476685
1477	0.304218238
1478	0.3041979699
1479	0.304179222
1480	0.3040925773
1481	0.3040788146
1482	0.30403515
1483	0.3039937381
1484	0.3039318618
1485	0.3039274852
1486	0.3039116774
1487	0.3038907587
1488	0.303863583
1489	0.3038516751
1490	0.3038102379
1491	0.303791918
1492	0.3037677773
1493	0.3037597279
1494	0.3037134108
1495	0.3036934066
1496	0.3036730862
1497	0.3036298605
1498	0.3035472907
1499	0.303502195
1500	0.3034368561
1501	0.3034156475
1502	0.3033958316
1503	0.3033619633
1504	0.30335016
1505	0.3033319753
1506	0.3032959013
1507	0.3031810884
1508	0.3031578007
1509	0.3031041527
1510	0.3030257275
1511	0.303018978
1512	0.3029967964
1513	0.3029654803
1514	0.3028833453
1515	0.3028693703
1516	0.3028495407
1517	0.3028378431
1518	0.3027729881
1519	0.3027359965
1520	0.3027187115
1521	0.3027048599
1522	0.3025891371
1523	0.3025224904
1524	0.3025043087
1525	0.302453907
1526	0.3023918535
1527	0.3023833352
1528	0.3023557325
1529	0.3023329895
1530	0.3022956751
1531	0.3022561542
1532	0.3022431921
1533	0.3022208105
1534	0.3021911224
1535	0.302184563
1536	0.3021587739
1537	0.302108879
1538	0.3020978805
1539	0.3020773162
1540	0.3020646712
1541	0.3020096053
1542	0.3019909892
1543	0.3019686794
1544	0.3019081998
1545	0.3018904585
1546	0.3018524885
1547	0.3018334383
1548	0.3017828201
1549	0.3017662081
1550	0.3017015888
1551	0.3016770032
1552	0.3016194713
1553	0.3015709567
1554	0.3015652926
1555	0.3015489135
1556	0.3015201491
1557	0.3015044383
1558	0.3014588756
1559	0.3014370767
1560	0.3014099736
1561	0.3013494958
1562	0.3012996796
1563	0.3012757925
1564	0.3012658691
1565	0.3012523804
1566	0.3012428357
1567	0.3012314281
1568	0.3012102717
1569	0.3011872026
1570	0.3011681569
1571	0.3011452508
1572	0.3011022047
1573	0.3010341766
1574	0.3010292511
1575	0.3010120591
1576	0.3009886376
1577	0.3009638545
1578	0.3008642776
1579	0.3008341322
1580	0.3008141932
1581	0.3008037521
1582	0.3007634958
1583	0.3007184267
1584	0.3006722448
1585	0.3006456572
1586	0.3006154221
1587	0.3006019585
1588	0.3005597372
1589	0.3005277259
1590	0.3004914492
1591	0.3004858828
1592	0.3004767971
1593	0.3004612137
1594	0.3004476744
1595	0.3004367446
1596	0.3004205561
1597	0.3004014351
1598	0.3003864081
1599	0.3003621246
1600	0.3003273183
1601	0.3003032497
1602	0.3002778811
1603	0.3002488725
1604	0.3002280434
1605	0.300125396
1606	0.3001029376
1607	0.3000870141
1608	0.3000297119
1609	0.2999949772
1610	0.2999888951
1611	0.2999783029
1612	0.2999222714
1613	0.2999053944
1614	0.2998887676
1615	0.2998820843
1616	0.2998715653
1617	0.29979855
1618	0.29978272
1619	0.2997735469
1620	0.2997086196
1621	0.2996892984
1622	0.2996759076
1623	0.2996413906
1624	0.2995782587
1625	0.2995266397
1626	0.2995029796
1627	0.2994921899
1628	0.2994537468
1629	0.2994325437
1630	0.299385313
1631	0.2993251157
1632	0.2992713149
1633	0.2992673571
1634	0.2992282914
1635	0.2992216595
1636	0.2991972696
1637	0.2991580677
1638	0.2991455139
1639	0.2991261005
1640	0.2990875479
1641	0.2990465409
1642	0.2990191505
1643	0.2989175895
1644	0.2989025866
1645	0.2988612878
1646	0.2988100769
1647	0.2987850826
1648	0.2987124425
1649	0.2986800668
1650	0.298656775
1651	0.2986123429
1652	0.2986073312
1653	0.2985922492
1654	0.2985610946
1655	0.2984891437
1656	0.2984367706
1657	0.298417436
1658	0.2984120323
1659	0.2983576125
1660	0.2983403355
1661	0.2982881473
1662	0.2982506395
1663	0.2981825766
1664	0.2980809823
1665	0.2980337135
1666	0.2980239443
1667	0.2979309446
1668	0.2979062856
1669	0.2978963555
1670	0.2978803853
1671	0.2978618072
1672	0.2978526627
1673	0.297843518
1674	0.2977974662
1675	0.2977569094
1676	0.2977515903
1677	0.2977026103
1678	0.2976962836
1679	0.2976733652
1680	0.2976420807
1681	0.2976308222
1682	0.297618544
1683	0.2975815991
1684	0.2975047796
1685	0.2974416434
1686	0.2974127586
1687	0.2974091521
1688	0.2973821321
1689	0.2973305897
1690	0.2972694751
1691	0.2972610275
1692	0.2971653127
1693	0.2971505553
1694	0.2970861584
1695	0.297078794
1696	0.297069641
1697	0.2970332925
1698	0.2969992912
1699	0.2969825041
1700	0.2969733469
1701	0.2969349602
1702	0.2969200194
1703	0.296877113
1704	0.2968605836
1705	0.2968352266
1706	0.2968206594
1707	0.2968154637
1708	0.2967896051
1709	0.2967768644
1710	0.2967658009
1711	0.2967005408
1712	0.2966854855
1713	0.2966572541
1714	0.2966052698
1715	0.2965791914
1716	0.2965406581
1717	0.2965077134
1718	0.2964782597
1719	0.2964475508
1720	0.2964086364
1721	0.2963833767
1722	0.2963510312
1723	0.2963170762
1724	0.2963032129
1725	0.2962017234
1726	0.2961825129
1727	0.2961286559
1728	0.2960283445
1729	0.2960114618
1730	0.2959465458
1731	0.2959219828
1732	0.2959075985
1733	0.2959015891
1734	0.2958772974
1735	0.2958269633
1736	0.2958068543
1737	0.2957805754
1738	0.2957242234
1739	0.2957019341
1740	0.2956942739
1741	0.2956543075
1742	0.2956373621
1743	0.295580116
1744	0.2955630537
1745	0.295544834
1746	0.2955276323
1747	0.2955162894
1748	0.2955105504
1749	0.2954978675
1750	0.2954299559
1751	0.2954196615
1752	0.2953789421
1753	0.2953684955
1754	0.2953554938
1755	0.2953309344
1756	0.2953071109
1757	0.2952876208
1758	0.2952832826
1759	0.2952389794
1760	0.2952016695
1761	0.2951918163
1762	0.2951750358
1763	0.2951442656
1764	0.2951324235
1765	0.295091107
1766	0.2950675607
1767	0.2950239775
1768	0.295005545
1769	0.2949881603
1770	0.2949633009
1771	0.2949450124
1772	0.2949293347
1773	0.2949171706
1774	0.294857178
1775	0.294793936
1776	0.2947463675
1777	0.2947234035
1778	0.2947111444
1779	0.294701927
1780	0.294690924
1781	0.2945806776
1782	0.2945588306
1783	0.2945397488
1784	0.2944864655
1785	0.2944505321
1786	0.2943902794
1787	0.2943451563
1788	0.2943366701
1789	0.2943347692
1790	0.294318172
1791	0.294291846
1792	0.294283998
1793	0.2942739151
1794	0.2942603716
1795	0.2942468193
1796	0.29422772
1797	0.2941905255
1798	0.2941373656
1799	0.2941233777
1800	0.2940837542
1801	0.2940590885
1802	0.2940489466
1803	0.2940023062
1804	0.2939998298
1805	0.2939648507
1806	0.2939155046
1807	0.2938490575
1808	0.2938441964
1809	0.2938285166
1810	0.293814259
1811	0.2938031661
1812	0.2937883537
1813	0.2937599926
1814	0.2937091697
1815	0.2936586448
1816	0.2935842925
1817	0.2935664013
1818	0.2935464214
1819	0.2935176293
1820	0.2934901805
1821	0.2934357596
1822	0.2934101197
1823	0.2933825546
1824	0.2933539886
1825	0.2933451049
1826	0.2932876672
1827	0.2931999119
1828	0.2931519853
1829	0.2931472988
1830	0.2930875909
1831	0.2930608483
1832	0.2930347268
1833	0.2929757887
1834	0.2929677103
1835	0.292940863
1836	0.2928902122
1837	0.2928703868
1838	0.2928018333
1839	0.2927916897
1840	0.2927779834
1841	0.2927672963
1842	0.2927508057
1843	0.2927109748
1844	0.2927067362
1845	0.2926473069
1846	0.2926269007
1847	0.2926031726
1848	0.2925732703
1849	0.2925400147
1850	0.2924998395
1851	0.2924687922
1852	0.2924649344
1853	0.2924476776
1854	0.2924240665
1855	0.2924063972
1856	0.2923809813
1857	0.2923509968
1858	0.2923444809
1859	0.2923369431
1860	0.2923042354
1861	0.2922899974
1862	0.2922775153
1863	0.2922639475
1864	0.2922400794
1865	0.2922107452
1866	0.2922060283
1867	0.2921924155
1868	0.2921772585
1869	0.2921418488
1870	0.2921058704
1871	0.2920767795
1872	0.2920496863
1873	0.2920256494
1874	0.2920010169
1875	0.2919857881
1876	0.2919151653
1877	0.2919086455
1878	0.2918966771
1879	0.2918682894
1880	0.2918132718
1881	0.2918070755
1882	0.2917786673
1883	0.2917387808
1884	0.291728569
1885	0.2916884286
1886	0.2916568892
1887	0.291619
1888	0.2915964567
1889	0.2915708261
1890	0.2915640899
1891	0.291554127
1892	0.2915394382
1893	0.291527402
1894	0.2914994144
1895	0.2914611577
1896	0.2914437458
1897	0.2914330401
1898	0.291417432
1899	0.2913440775
1900	0.2912475834
1901	0.291199181
1902	0.2911480252
1903	0.2910803174
1904	0.2910229124
1905	0.2909581301
1906	0.2908530882
1907	0.290788784
1908	0.2907779849
1909	0.2907206409
1910	0.2907035147
1911	0.2905973205
1912	0.2905801254
1913	0.2905677266
1914	0.2905589908
1915	0.2905424677
1916	0.2904957126
1917	0.2904908112
1918	0.2904713344
1919	0.290461406
1920	0.2903997985
1921	0.2902916824
1922	0.2902566159
1923	0.2902456261
1924	0.2902254521
1925	0.2901954596
1926	0.2901748997
1927	0.2901402849
1928	0.2901097972
1929	0.2900885241
1930	0.2900248283
1931	0.2899866788
1932	0.2899644232
1933	0.2899344975
1934	0.2899250688
1935	0.2899121684
1936	0.2898924055
1937	0.2898801701
1938	0.2898745921
1939	0.2898574625
1940	0.2898310991
1941	0.2897357785
1942	0.2897139811
1943	0.2897095631
1944	0.2896988973
1945	0.2896814536
1946	0.2896609959
1947	0.2896449385
1948	0.2896252761
1949	0.289580174
1950	0.2895650665
1951	0.2895439183
1952	0.2895186473
1953	0.2894954533
1954	0.2894382948
1955	0.2893944854
1956	0.289370032
1957	0.289338053
1958	0.2893318446
1959	0.2892676524
1960	0.2891670498
1961	0.2891361588
1962	0.2891199687
1963	0.2891047789
1964	0.2890765785
1965	0.289071111
1966	0.2890077853
1967	0.2889713285
1968	0.2889591962
1969	0.288952363
1970	0.2889330979
1971	0.2889107258
1972	0.2888933012
1973	0.2888409648
1974	0.2888143078
1975	0.288782705
1976	0.2886516484
1977	0.2885785313
1978	0.2885675046
1979	0.2885279521
1980	0.2884530003
1981	0.2884486463
1982	0.2884282057
1983	0.2884188921
1984	0.288342404
1985	0.2882854332
1986	0.2882693376
1987	0.2882504262
1988	0.2882088188
1989	0.2881798519
1990	0.2881684907
1991	0.2881478909
1992	0.2881122901
1993	0.28809629
1994	0.2880797547
1995	0.2880708877
1996	0.28806529
1997	0.2880261284
1998	0.2880181979
1999	0.2879912404
2000	0.2879627322
2001	0.2879512342
2002	0.2879074241
2003	0.2878730946
2004	0.2878623095
2005	0.2878424618
2006	0.287771826
2007	0.2877519776
2008	0.2877158581
2009	0.2877137829
2010	0.287687816
2011	0.2876643445
2012	0.2876282471
2013	0.2876232624
2014	0.2875357452
2015	0.2875131175
2016	0.2874773246
2017	0.2874518368
2018	0.2874403232
2019	0.2874314692
2020	0.2874142826
2021	0.287400426
2022	0.2873893654
2023	0.2873357148
2024	0.2872623039
2025	0.2872557548
2026	0.2872434242
2027	0.287218981
2028	0.2871994616
2029	0.2871861901
2030	0.2871792135
2031	0.2871725052
2032	0.287152472
2033	0.287142642
2034	0.2871353176
2035	0.2871197498
2036	0.2871077892
2037	0.2870951615
2038	0.2870598268
2039	0.2870017979
2040	0.2869885095
2041	0.2869301766
2042	0.2868973658
2043	0.2868756445
2044	0.2868486212
2045	0.2868365511
2046	0.2868189328
2047	0.2867695123
2048	0.2867292376
2049	0.2867227019
2050	0.286703583
2051	0.2866768133
2052	0.2866662937
2053	0.2866459675
2054	0.2866089697
2055	0.2865928614
2056	0.2865856451
2057	0.2865548085
2058	0.2865414283
2059	0.2865275973
2060	0.2864539027
2061	0.2864213679
2062	0.2864059157
2063	0.2863486271
2064	0.2863446609
2065	0.2863296498
2066	0.2863227071
2067	0.2862778201
2068	0.2862654476
2069	0.2862464902
2070	0.2862052946
2071	0.2861973631
2072	0.2861269334
2073	0.2860724658
2074	0.286061888
2075	0.2860351043
2076	0.285984999
2077	0.2859326378
2078	0.2859049679
2079	0.2858758481
2080	0.2857888688
2081	0.2857487756
2082	0.2856743727
2083	0.2856620669
2084	0.2856507684
2085	0.2856253657
2086	0.2855734812
2087	0.2855658299
2088	0.2855439413
2089	0.2854788649
2090	0.2854672109
2091	0.2854312825
2092	0.2853905401
2093	0.285321462
2094	0.285315693
2095	0.2853051184
2096	0.285298057
2097	0.2852937313
2098	0.2852736717
2099	0.2852412039
2100	0.2852170755
2101	0.2851729788
2102	0.2851640645
2103	0.2851579555
2104	0.2851404873
2105	0.2851151493
2106	0.2851068916
2107	0.2850793245
2108	0.2850544458
2109	0.2850405155
2110	0.2850236508
2111	0.284999143
2112	0.2849750771
2113	0.2849543392
2114	0.2849236101
2115	0.2848940566
2116	0.284811188
2117	0.2848063984
2118	0.2847931504
2119	0.284773677
2120	0.2847440081
2121	0.2847371431
2122	0.2847294168
2123	0.2846751437
2124	0.2846618429
2125	0.2846503838
2126	0.284612753
2127	0.2845858016
2128	0.2845241638
2129	0.2845159741
2130	0.2845026899
2131	0.2844710837
2132	0.2844360505
2133	0.2844190576
2134	0.2844095592
2135	0.2843752722
2136	0.2843092753
2137	0.2842907811
2138	0.284273168
2139	0.2842583474
2140	0.2841906206
2141	0.2841765962
2142	0.2841454916
2143	0.2841353701
2144	0.284119869
2145	0.2840514609
2146	0.2840120639
2147	0.2840001843
2148	0.2839923311
2149	0.2839136672
2150	0.2839087101
2151	0.2838921069
2152	0.2838749537
2153	0.2838493106
2154	0.2838105653
2155	0.2838046222
2156	0.2837548044
2157	0.2837079916
2158	0.2836934771
2159	0.2836877379
2160	0.283672447
2161	0.2836672553
2162	0.2836421411
2163	0.2836368606
2164	0.2836270172
2165	0.2835769447
2166	0.2835607345
2167	0.2834883214
2168	0.283455936
2169	0.2834316883
2170	0.2833972025
2171	0.2833709091
2172	0.2833592686
2173	0.2833451784
2174	0.2832829271
2175	0.2832419344
2176	0.2832316922
2177	0.2832249144
2178	0.2832103003
2179	0.2831659265
2180	0.2831574657
2181	0.2831482794
2182	0.2831151253
2183	0.2831020652
2184	0.2830919434
2185	0.2830622148
2186	0.2830378723
2187	0.2830301279
2188	0.2830134241
2189	0.2830072483
2190	0.2829685561
2191	0.2828922192
2192	0.2828853567
2193	0.2828724787
2194	0.2828558143
2195	0.2828306395
2196	0.2827891848
2197	0.28278432
2198	0.2827714542
2199	0.2827586749
2200	0.2827514834
2201	0.28271033
2202	0.2826955004
2203	0.282643787
2204	0.2826306837
2205	0.2825994587
2206	0.2825788886
2207	0.2825379229
2208	0.2825311623
2209	0.282494524
2210	0.2824678774
2211	0.2824604099
2212	0.2824109879
2213	0.2823919417
2214	0.2823692779
2215	0.28232029
2216	0.282300169
2217	0.2822724184
2218	0.2822329656
2219	0.2822284704
2220	0.2821634632
2221	0.2821267759
2222	0.2821001813
2223	0.2820914457
2224	0.2820670035
2225	0.2820574488
2226	0.2820432062
2227	0.2819914081
2228	0.2819836887
2229	0.2819718352
2230	0.2819576843
2231	0.2819506942
2232	0.2819478636
2233	0.2818365333
2234	0.2818198834
2235	0.2817187675
2236	0.2816842876
2237	0.2815856385
2238	0.2815767442
2239	0.2815505245
2240	0.2815429414
2241	0.281534614
2242	0.2815296731
2243	0.2814815052
2244	0.2814487801
2245	0.2814158474
2246	0.2814129254
2247	0.2813489838
2248	0.2812976233
2249	0.2812896766
2250	0.2812746744
2251	0.2812637738
2252	0.2812515364
2253	0.2812408727
2254	0.2812309167
2255	0.2812180133
2256	0.281207797
2257	0.2812034834
2258	0.2811762272
2259	0.2811369793
2260	0.2811171176
2261	0.2810924874
2262	0.2810783377
2263	0.2810625072
2264	0.2810366476
2265	0.2810138037
2266	0.2809935855
2267	0.2809908625
2268	0.2809718578
2269	0.2808998479
2270	0.2808769597
2271	0.280858344
2272	0.2808316131
2273	0.2808141384
2274	0.2808083276
2275	0.2807791738
2276	0.2807026845
2277	0.2806797536
2278	0.2806704912
2279	0.2806593736
2280	0.2806401814
2281	0.2805804743
2282	0.2805264675
2283	0.28050768
2284	0.2804847226
2285	0.2804607839
2286	0.2804562215
2287	0.2803671594
2288	0.2803570483
2289	0.2803426558
2290	0.2803061892
2291	0.2803023231
2292	0.2802913364
2293	0.2802652459
2294	0.280252395
2295	0.280229876
2296	0.2802012155
2297	0.2801515948
2298	0.2801470982
2299	0.2801374128
2300	0.2801191476
2301	0.2800642735
2302	0.2800442131
2303	0.2800136487
2304	0.2800086155
2305	0.2799810877
2306	0.2799596561
2307	0.2799322408
2308	0.2798437944
2309	0.279833472
2310	0.2798307872
2311	0.2797963092
2312	0.2797651822
2313	0.2797368393
2314	0.2797176775
2315	0.2797116174
2316	0.2796640077
2317	0.2796431851
2318	0.2796316231
2319	0.279598632
2320	0.2795229122
2321	0.2794999314
2322	0.2794945553
2323	0.2794798564
2324	0.2794601663
2325	0.2793711623
2326	0.2793674869
2327	0.2793541979
2328	0.2793494597
2329	0.2793045627
2330	0.2792933973
2331	0.2792860214
2332	0.2792787302
2333	0.279260426
2334	0.2792063091
2335	0.2791848047
2336	0.2791798722
2337	0.279134681
2338	0.2791205925
2339	0.2790908254
2340	0.2790750029
2341	0.279053509
2342	0.2790457066
2343	0.2790129758
2344	0.2789566547
2345	0.2789201861
2346	0.2788983907
2347	0.2788845403
2348	0.2788327551
2349	0.2788217098
2350	0.2788133815
2351	0.2787911701
2352	0.2787763604
2353	0.2787724797
2354	0.2787686459
2355	0.278747517
2356	0.2786953904
2357	0.2786755417
2358	0.2786506324
2359	0.2785613691
2360	0.2785422318
2361	0.2785358427
2362	0.2785110781
2363	0.2784506687
2364	0.2784475041
2365	0.2784375933
2366	0.2783553789
2367	0.278330543
2368	0.2783078858
2369	0.2782620669
2370	0.2782513019
2371	0.2782327989
2372	0.2781514352
2373	0.2781446653
2374	0.2781179175
2375	0.2780846055
2376	0.2780772096
2377	0.2780149616
2378	0.277997592
2379	0.2779830247
2380	0.2779651678
2381	0.2779518361
2382	0.2779213625
2383	0.2778925986
2384	0.2778683199
2385	0.2778526818
2386	0.2778363728
2387	0.2778100292
2388	0.277790583
2389	0.2777742428
2390	0.2777577681
2391	0.2777383909
2392	0.2777125338
2393	0.2776784674
2394	0.2776549762
2395	0.2776435596
2396	0.2776363678
2397	0.2776307815
2398	0.2776269902
2399	0.2776134469
2400	0.2775707376
2401	0.2775610371
2402	0.277532287
2403	0.2774968606
2404	0.2774941368
2405	0.2774271883
2406	0.2774183834
2407	0.2773930395
2408	0.2772851455
2409	0.277252675
2410	0.27719727
2411	0.2771891297
2412	0.277180873
2413	0.2771707099
2414	0.2771633472
2415	0.2771246121
2416	0.2770931408
2417	0.2770803233
2418	0.2770733916
2419	0.2770529242
2420	0.2770311828
2421	0.2770117968
2422	0.2769647213
2423	0.2769436221
2424	0.2769278692
2425	0.2768882879
2426	0.2768830476
2427	0.2768758959
2428	0.2768664878
2429	0.2768502183
2430	0.276839411
2431	0.2768053988
2432	0.2767988128
2433	0.27678837
2434	0.2767740111
2435	0.2767430863
2436	0.276733508
2437	0.2767221635
2438	0.2766796532
2439	0.2766401328
2440	0.276614595
2441	0.2765688455
2442	0.2765063239
2443	0.2764993706
2444	0.2764888445
2445	0.2764551857
2446	0.2764467854
2447	0.2764320689
2448	0.2763947299
2449	0.2763890499
2450	0.2763746531
2451	0.2763100269
2452	0.2762989397
2453	0.2762785547
2454	0.2762671076
2455	0.2762057375
2456	0.2762031942
2457	0.2761176658
2458	0.2760970707
2459	0.2760816449
2460	0.2760324606
2461	0.2759562377
2462	0.2759529589
2463	0.2759424263
2464	0.2758569555
2465	0.2758381207
2466	0.2758268907
2467	0.2757760036
2468	0.2757700739
2469	0.2757651615
2470	0.2757388194
2471	0.2757345056
2472	0.2757163685
2473	0.2757095044
2474	0.2757047903
2475	0.2756994252
2476	0.2756912829
2477	0.2756212794
2478	0.2756181249
2479	0.2755918871
2480	0.2755557539
2481	0.275523803
2482	0.2755045108
2483	0.2754839047
2484	0.2754693684
2485	0.2754599061
2486	0.2754462334
2487	0.2754303797
2488	0.2754135511
2489	0.275397913
2490	0.2753739555
2491	0.2753675434
2492	0.275336191
2493	0.2752171659
2494	0.2751641043
2495	0.2751560613
2496	0.2751215961
2497	0.2750828698
2498	0.2750724763
2499	0.2750596015
2500	0.2750483744
2501	0.2750373157
2502	0.2750279892
2503	0.275019206
2504	0.2750014393
2505	0.2749341579
2506	0.2749168497
2507	0.2749070023
2508	0.274901963
2509	0.2748930512
2510	0.2748783019
2511	0.2748632789
2512	0.2748433663
2513	0.2748344857
2514	0.2748205017
2515	0.2748030189
2516	0.2747972086
2517	0.2747755526
2518	0.2747585096
2519	0.2747528698
2520	0.2747261069
2521	0.2746866552
2522	0.2746817658
2523	0.274674263
2524	0.2746722181
2525	0.2746597802
2526	0.2746288865
2527	0.2746078478
2528	0.2745955025
2529	0.2745919532
2530	0.2745653379
2531	0.2745631109
2532	0.2745596625
2533	0.2745377267
2534	0.2745356516
2535	0.2745159531
2536	0.2744783643
2537	0.2743790226
2538	0.2743611329
2539	0.2743469146
2540	0.2743238936
2541	0.2743200324
2542	0.2743065272
2543	0.2742788898
2544	0.2742731993
2545	0.2741433901
2546	0.2741177795
2547	0.2740579217
2548	0.2740326292
2549	0.2740027239
2550	0.2739955162
2551	0.2739908818
2552	0.2739717645
2553	0.273956351
2554	0.273950733
2555	0.2739408982
2556	0.2739301054
2557	0.2739263017
2558	0.2739003617
2559	0.2738856615
2560	0.2738497702
2561	0.2738389127
2562	0.2738287838
2563	0.273820918
2564	0.2738084502
2565	0.2737951536
2566	0.2737877316
2567	0.2737464397
2568	0.2737338877
2569	0.2737038171
2570	0.2736922201
2571	0.2736654711
2572	0.2736536236
2573	0.2736498586
2574	0.2736025205
2575	0.2735881291
2576	0.2735807054
2577	0.2735646415
2578	0.2735506618
2579	0.2735389917
2580	0.2735283728
2581	0.2734643651
2582	0.273455024
2583	0.2734500959
2584	0.2734473505
2585	0.2734139116
2586	0.2734050807
2587	0.2733895823
2588	0.2733832103
2589	0.2733139072
2590	0.2732943292
2591	0.2732397362
2592	0.2732275353
2593	0.2732108297
2594	0.2730949144
2595	0.2730829561
2596	0.2730545245
2597	0.2730394726
2598	0.2730203455
2599	0.272986775
2600	0.2729828775
2601	0.2729746221
2602	0.2729693839
2603	0.2729611954
2604	0.2729514859
2605	0.2729477384
2606	0.2729364507
2607	0.2729281589
2608	0.2728845776
2609	0.2728800782
2610	0.272871598
2611	0.2728451612
2612	0.2728171245
2613	0.2728068076
2614	0.2727466255
2615	0.2727303621
2616	0.2727247895
2617	0.2726715851
2618	0.2726611002
2619	0.2726582022
2620	0.2726559731
2621	0.2726528288
2622	0.272623034
2623	0.2725857796
2624	0.272566536
2625	0.2725643391
2626	0.2725418205
2627	0.2725181897
2628	0.2724832076
2629	0.2724662001
2630	0.272461377
2631	0.2724447702
2632	0.2724062044
2633	0.2723624802
2634	0.2723589577
2635	0.2723506637
2636	0.2723394865
2637	0.272333824
2638	0.2723217726
2639	0.272316498
2640	0.2722881077
2641	0.2722658353
2642	0.2722617644
2643	0.2722492528
2644	0.2722438098
2645	0.2721890595
2646	0.272186448
2647	0.2721731156
2648	0.2721584265
2649	0.272142838
2650	0.2721342951
2651	0.2721163162
2652	0.2720768031
2653	0.2720725305
2654	0.2720705789
2655	0.2720532767
2656	0.2720490842
2657	0.2720347174
2658	0.2720299398
2659	0.2720065487
2660	0.2719879407
2661	0.2719817813
2662	0.2719780077
2663	0.2719226027
2664	0.2718837883
2665	0.2718683569
2666	0.2718564439
2667	0.2718492987
2668	0.2718251942
2669	0.2718131894
2670	0.2718097836
2671	0.27179657
2672	0.2717883054
2673	0.2717791394
2674	0.2717213454
2675	0.2717092392
2676	0.271703493
2677	0.271683964
2678	0.2716578035
2679	0.2716444888
2680	0.2716379751
2681	0.2716230285
2682	0.2715910454
2683	0.271554816
2684	0.2715321427
2685	0.2715229737
2686	0.2715169908
2687	0.27150741
2688	0.2715004188
2689	0.2714903902
2690	0.2714828211
2691	0.2714680261
2692	0.2714632461
2693	0.2714584867
2694	0.2714389706
2695	0.2714257167
2696	0.2714073032
2697	0.2713614894
2698	0.2713369816
2699	0.2713125022
2700	0.2713077319
2701	0.2712848174
2702	0.2712761396
2703	0.2712628137
2704	0.2712445294
2705	0.2712314113
2706	0.2712019659
2707	0.2711533248
2708	0.2711423811
2709	0.2711358607
2710	0.2711258049
2711	0.271089616
2712	0.2710680165
2713	0.2710627123
2714	0.2710530409
2715	0.2710410616
2716	0.2710174366
2717	0.2710057479
2718	0.2710021693
2719	0.2709329813
2720	0.2709191248
2721	0.2708966131
2722	0.2708395396
2723	0.2708299465
2724	0.2708232564
2725	0.2708133656
2726	0.2707495779
2727	0.2707304917
2728	0.2707211913
2729	0.2707057935
2730	0.2706994467
2731	0.270692858
2732	0.2706870384
2733	0.2706799194
2734	0.2706613904
2735	0.2706336728
2736	0.2706256186
2737	0.2706154045
2738	0.270605604
2739	0.2706003468
2740	0.2705970012
2741	0.2705921575
2742	0.2705883976
2743	0.2705666746
2744	0.2705611929
2745	0.2705496013
2746	0.2705426573
2747	0.2705363455
2748	0.2705333768
2749	0.2704984476
2750	0.2704497493
2751	0.2704327327
2752	0.2704241928
2753	0.2703969256
2754	0.2703870497
2755	0.2703824747
2756	0.2703744754
2757	0.2703645483
2758	0.270356437
2759	0.2703404336
2760	0.2703214599
2761	0.2703121201
2762	0.2702896058
2763	0.2702739719
2764	0.2702448699
2765	0.2702244852
2766	0.2702177829
2767	0.2702150889
2768	0.2702066341
2769	0.270195837
2770	0.2701747914
2771	0.2701722418
2772	0.2701692732
2773	0.2701672799
2774	0.2701369588
2775	0.2701274244
2776	0.2701196841
2777	0.2700839514
2778	0.2700676567
2779	0.2700650293
2780	0.2700530915
2781	0.270038249
2782	0.2700266519
2783	0.2700221381
2784	0.270014874
2785	0.2700071979
2786	0.2699951746
2787	0.2699932806
2788	0.2699697138
2789	0.2699533406
2790	0.2699187842
2791	0.2698921235
2792	0.2698633541
2793	0.2698585767
2794	0.2698507874
2795	0.2698419209
2796	0.2698376256
2797	0.2698270083
2798	0.2698249211
2799	0.2697882714
2800	0.2697715782
2801	0.2697487186
2802	0.2697382756
2803	0.2697330547
2804	0.269721931
2805	0.2697158316
2806	0.2696996134
2807	0.2696597709
2808	0.2696434595
2809	0.2696219272
2810	0.2696078051
2811	0.2695872656
2812	0.2695769444
2813	0.26955476
2814	0.2694917591
2815	0.2694871069
2816	0.2694762401
2817	0.269462064
2818	0.2694513745
2819	0.2694461743
2820	0.2694444088
2821	0.2694328734
2822	0.2694215444
2823	0.2694114099
2824	0.2694041625
2825	0.2693712244
2826	0.2693589832
2827	0.2693505051
2828	0.2693468372
2829	0.2692535653
2830	0.2692259554
2831	0.2692146564
2832	0.2691815618
2833	0.2691621343
2834	0.269154094
2835	0.2691374207
2836	0.2691274127
2837	0.269094072
2838	0.2690775691
2839	0.2690537824
2840	0.2690168511
2841	0.2690093226
2842	0.2690080566
2843	0.2690001809
2844	0.2689808554
2845	0.2689766567
2846	0.2689680317
2847	0.2689652657
2848	0.2689607135
2849	0.2689487097
2850	0.2689328729
2851	0.2689105885
2852	0.2688736519
2853	0.2688655787
2854	0.268860717
2855	0.2688526304
2856	0.2688478426
2857	0.2688401023
2858	0.2688272252
2859	0.2688133856
2860	0.2688007852
2861	0.2687807138
2862	0.2687670898
2863	0.2687301464
2864	0.2687192036
2865	0.2687117197
2866	0.2686619951
2867	0.2686129203
2868	0.268595357
2869	0.2685858904
2870	0.2685586661
2871	0.2685505865
2872	0.2685377595
2873	0.2684997736
2874	0.2684947777
2875	0.2684780103
2876	0.2684615572
2877	0.2684269124
2878	0.2684175615
2879	0.2683930072
2880	0.2683894981
2881	0.2683764012
2882	0.2683727875
2883	0.2683588147
2884	0.2683349844
2885	0.2683226173
2886	0.2683143849
2887	0.2682858272
2888	0.2682806143
2889	0.2682561038
2890	0.2681992168
2891	0.2681930588
2892	0.2681778515
2893	0.2681659709
2894	0.2681542583
2895	0.2681526853
2896	0.2681316089
2897	0.2681293829
2898	0.2681234166
2899	0.2680754656
2900	0.2680247227
2901	0.2680208109
2902	0.2680005494
2903	0.2679877364
2904	0.2679752712
2905	0.2679547986
2906	0.2678904734
2907	0.267873395
2908	0.2678522373
2909	0.2678444156
2910	0.2678281035
2911	0.2678099345
2912	0.2678036668
2913	0.2677971613
2914	0.2677833176
2915	0.2677623889
2916	0.2676800179
2917	0.2676646397
2918	0.2676574813
2919	0.2676415627
2920	0.2676308969
2921	0.2676266338
2922	0.2676190563
2923	0.2676047521
2924	0.2675530955
2925	0.2675446962
2926	0.26753783
2927	0.2675165351
2928	0.2675125636
2929	0.2674958068
2930	0.2674801246
2931	0.2674621238
2932	0.2674587633
2933	0.2674503652
2934	0.2674346319
2935	0.2674245895
2936	0.2674138012
2937	0.2674084753
2938	0.2673275223
2939	0.2673256895
2940	0.2673216836
2941	0.2673009383
2942	0.2672935253
2943	0.2672639438
2944	0.2672588749
2945	0.2672495617
2946	0.2672426553
2947	0.2672355454
2948	0.267228408
2949	0.2672227859
2950	0.267218934
2951	0.2672160907
2952	0.2672103722
2953	0.2671932754
2954	0.2671877125
2955	0.2671789948
2956	0.2671502455
2957	0.2671207686
2958	0.2671177437
2959	0.2670935965
2960	0.2670873709
2961	0.267039404
2962	0.2670019489
2963	0.2669657102
2964	0.266953084
2965	0.2669407242
2966	0.2669365139
2967	0.2669160784
2968	0.2669049448
2969	0.2668974262
2970	0.2668947966
2971	0.2668867068
2972	0.26682602
2973	0.2668145421
2974	0.2667856637
2975	0.2667824553
2976	0.266776736
2977	0.2667538324
2978	0.2667412887
2979	0.266725708
2980	0.2667215169
2981	0.2666989771
2982	0.266667409
2983	0.2666544195
2984	0.266643636
2985	0.266635387
2986	0.2666271438
2987	0.2666106862
2988	0.2665833813
2989	0.2665613543
2990	0.2665446735
2991	0.2665302735
2992	0.2665280101
2993	0.266525742
2994	0.2665167272
2995	0.2664899778
2996	0.2664886334
2997	0.2664454747
2998	0.2664150961
2999	0.2663802801
