id,Hardness
10407,2.8449
10408,2.4239
10409,4.6286
10410,2.9199
10411,3.9509
10412,3.6218
10413,4.4562
10414,3.8222
10415,3.8846
10416,3.5758
10417,3.8112
10418,3.7372
10419,4.5431
10420,3.0966
10421,3.9727
10422,3.6094
10423,3.2858
10424,3.4122
10425,4.3212
10426,3.5627
10427,3.2932
10428,3.5863
10429,4.0525
10430,3.7216
10431,4.2251
10432,3.8636
10433,4.2994
10434,4.3752
10435,3.7226
10436,4.3126
10437,4.3816
10438,4.8031
10439,4.2144
10440,3.2381
10441,3.1618
10442,3.4376
10443,3.2223
10444,3.3869
10445,3.9768
10446,4.7135
10447,3.4873
10448,4.4622
10449,3.7522
10450,4.5755
10451,3.5084
10452,2.7460
10453,3.8772
10454,4.0235
10455,4.6040
10456,3.2062
10457,3.4857
10458,4.5783
10459,4.6942
10460,3.1825
10461,4.5325
10462,4.5785
10463,4.2554
10464,4.1178
10465,3.5434
10466,3.7425
10467,4.7443
10468,3.7168
10469,4.3874
10470,4.1358
10471,4.3041
10472,2.7198
10473,4.6525
10474,3.2303
10475,4.4585
10476,2.9045
10477,4.1836
10478,3.9036
10479,3.7522
10480,3.6101
10481,5.2107
10482,4.6760
10483,4.5591
10484,3.3255
10485,3.3734
10486,2.9050
10487,3.3966
10488,3.8221
10489,3.9109
10490,2.7520
10491,4.2572
10492,3.5170
10493,3.9482
10494,3.1892
10495,4.3156
10496,3.8249
10497,3.5935
10498,4.4729
10499,4.6700
10500,3.9537
10501,3.9906
10502,4.3288
10503,4.5858
10504,4.5210
10505,3.7582
10506,3.5311
10507,4.6872
10508,3.1366
10509,4.0620
10510,3.6924
10511,3.0175
10512,4.1353
10513,3.5687
10514,3.4475
10515,3.4503
10516,2.7457
10517,3.4572
10518,3.4770
10519,4.3599
10520,4.2631
10521,3.5470
10522,4.0670
10523,3.1978
10524,2.9110
10525,4.0880
10526,3.3670
10527,4.3084
10528,4.5216
10529,4.0191
10530,2.9397
10531,3.0267
10532,3.9428
10533,4.3104
10534,4.4983
10535,3.8594
10536,3.1427
10537,3.6668
10538,4.2592
10539,3.9199
10540,3.9005
10541,3.6757
10542,3.4513
10543,3.8925
10544,2.7801
10545,3.3831
10546,4.3029
10547,4.3325
10548,4.0162
10549,4.3292
10550,4.2140
10551,3.1937
10552,4.6294
10553,3.9904
10554,3.7244
10555,2.3793
10556,4.1857
10557,4.4489
10558,4.5657
10559,3.5804
10560,2.9470
10561,3.7692
10562,4.2088
10563,2.3398
10564,3.1438
10565,2.9562
10566,4.4511
10567,3.2245
10568,3.3078
10569,4.4445
10570,4.2923
10571,4.3775
10572,4.5461
10573,4.4502
10574,2.9550
10575,2.4726
10576,2.9150
10577,3.4288
10578,4.3067
10579,4.2986
10580,2.8710
10581,4.5645
10582,2.9686
10583,4.2288
10584,3.6640
10585,3.3640
10586,2.6986
10587,4.7586
10588,3.2374
10589,4.8609
10590,3.2114
10591,4.3903
10592,3.1686
10593,3.8684
10594,4.7361
10595,3.8936
10596,4.5388
10597,4.9588
10598,3.5892
10599,4.4927
10600,2.7748
10601,4.3321
10602,4.8691
10603,4.6018
10604,4.4321
10605,2.8797
10606,4.3648
10607,4.4956
10608,4.1512
10609,4.4501
10610,4.3198
10611,4.2971
10612,4.1422
10613,4.7456
10614,4.5672
10615,3.8331
10616,5.1320
10617,3.6873
10618,3.3532
10619,4.8707
10620,4.6875
10621,3.6754
10622,3.3525
10623,4.3271
10624,4.1461
10625,4.4696
10626,2.2263
10627,4.3037
10628,4.5372
10629,4.2599
10630,2.8757
10631,3.4198
10632,4.2143
10633,3.5100
10634,3.3387
10635,4.3274
10636,4.1989
10637,4.0294
10638,3.1172
10639,4.3854
10640,4.4082
10641,3.9195
10642,3.2264
10643,3.2664
10644,3.9010
10645,4.1600
10646,2.6080
10647,4.7295
10648,4.0177
10649,4.6595
10650,4.6195
10651,4.5358
10652,4.2998
10653,4.3848
10654,3.1624
10655,3.6896
10656,4.0973
10657,3.1515
10658,4.5273
10659,4.4973
10660,4.8881
10661,3.7889
10662,3.3763
10663,4.6889
10664,3.7339
10665,4.2944
10666,4.1541
10667,3.9996
10668,4.2711
10669,2.6797
10670,3.1741
10671,4.4400
10672,3.6111
10673,3.2649
10674,2.8516
10675,2.6000
10676,2.9105
10677,3.5709
10678,4.7778
10679,2.9700
10680,3.9611
10681,3.4562
10682,3.7963
10683,4.2605
10684,3.2310
10685,3.0334
10686,3.4958
10687,4.4934
10688,4.8295
10689,4.1488
10690,2.8313
10691,4.1219
10692,3.8859
10693,3.9934
10694,4.3861
10695,3.7038
10696,4.3987
10697,3.8011
10698,4.0260
10699,3.2357
10700,2.6039
10701,3.6883
10702,4.0584
10703,3.7388
10704,3.3606
10705,4.3972
10706,3.9645
10707,4.6648
10708,2.9511
10709,3.5573
10710,3.9753
10711,4.4091
10712,4.0827
10713,3.3913
10714,2.2959
10715,4.6216
10716,3.6128
10717,4.1521
10718,3.4324
10719,4.4858
10720,4.4028
10721,2.4859
10722,3.9727
10723,4.3167
10724,3.9807
10725,3.2912
10726,3.6076
10727,3.5857
10728,2.9095
10729,4.5041
10730,4.5752
10731,3.8347
10732,3.3170
10733,3.2342
10734,4.0990
10735,4.3289
10736,4.5764
10737,3.7687
10738,3.9782
10739,4.3345
10740,3.8983
10741,4.4613
10742,3.0413
10743,2.6920
10744,3.1559
10745,4.5763
10746,2.8577
10747,2.7084
10748,4.4272
10749,4.0456
10750,3.3728
10751,4.4793
10752,3.4696
10753,3.5853
10754,3.8241
10755,4.3391
10756,3.2984
10757,2.5660
10758,3.1658
10759,3.3378
10760,4.4633
10761,4.5138
10762,4.1858
10763,3.5508
10764,3.9031
10765,5.1067
10766,4.4409
10767,3.0742
10768,4.4132
10769,4.1604
10770,4.3769
10771,3.0854
10772,4.3828
10773,2.9740
10774,4.8910
10775,4.2141
10776,3.4590
10777,3.3476
10778,4.9016
10779,3.7482
10780,3.3001
10781,3.6664
10782,4.6734
10783,4.0098
10784,4.2892
10785,4.6124
10786,3.0751
10787,4.5626
10788,4.2793
10789,4.0693
10790,3.1511
10791,2.6013
10792,4.5281
10793,4.3928
10794,3.7242
10795,4.1121
10796,3.0134
10797,3.9211
10798,4.2562
10799,4.2213
10800,2.9275
10801,4.3121
10802,3.7112
10803,3.5865
10804,4.5046
10805,4.9386
10806,4.6141
10807,4.6206
10808,3.7376
10809,3.4377
10810,3.7846
10811,3.3567
10812,3.3334
10813,3.4185
10814,4.5386
10815,3.1956
10816,3.2628
10817,4.4301
10818,3.9274
10819,4.0420
10820,4.0262
10821,2.9768
10822,3.3237
10823,4.1886
10824,3.7345
10825,4.3911
10826,3.6819
10827,4.5168
10828,3.0839
10829,4.2694
10830,3.9596
10831,4.3729
10832,4.5503
10833,4.1050
10834,3.3136
10835,4.2054
10836,3.7152
10837,4.1416
10838,3.4288
10839,2.3192
10840,4.5110
10841,3.8314
10842,4.1609
10843,4.2342
10844,3.5124
10845,3.7064
10846,4.8183
10847,4.3575
10848,2.9038
10849,4.6064
10850,4.1492
10851,3.8547
10852,3.8910
10853,3.7108
10854,4.5065
10855,3.3347
10856,3.2219
10857,4.3876
10858,4.1585
10859,3.7746
10860,4.6043
10861,4.3523
10862,4.2126
10863,4.9351
10864,4.0551
10865,4.5324
10866,3.7513
10867,3.2660
10868,3.5785
10869,3.2106
10870,4.3996
10871,4.6901
10872,4.4559
10873,2.8689
10874,4.2685
10875,4.2824
10876,4.7935
10877,4.5061
10878,4.6145
10879,4.4797
10880,3.6525
10881,4.5138
10882,3.9209
10883,3.1193
10884,3.5850
10885,3.7861
10886,3.3766
10887,4.2364
10888,3.9786
10889,4.2516
10890,3.9347
10891,3.5966
10892,3.6881
10893,3.2370
10894,2.9960
10895,4.6882
10896,3.0123
10897,4.0413
10898,4.5543
10899,3.6420
10900,3.0097
10901,4.4338
10902,3.3746
10903,4.2755
10904,3.9953
10905,4.4845
10906,3.8282
10907,3.6543
10908,3.7662
10909,3.4818
10910,4.6150
10911,4.8304
10912,4.5533
10913,4.1926
10914,2.9750
10915,3.1728
10916,3.5798
10917,4.5914
10918,4.6593
10919,3.7577
10920,4.2900
10921,4.2339
10922,3.3467
10923,4.0214
10924,3.5021
10925,4.4139
10926,4.5756
10927,3.7545
10928,3.3985
10929,4.6117
10930,4.2124
10931,3.3881
10932,3.9771
10933,4.4218
10934,4.1236
10935,4.1433
10936,3.5801
10937,4.3070
10938,3.3688
10939,4.6276
10940,4.2736
10941,2.7475
10942,3.8039
10943,3.8225
10944,3.1118
10945,4.0321
10946,4.5540
10947,3.4968
10948,2.9691
10949,4.0694
10950,3.7568
10951,3.9306
10952,3.9707
10953,4.0469
10954,3.7472
10955,2.6475
10956,4.7216
10957,4.9612
10958,4.2380
10959,4.6653
10960,4.2803
10961,4.2672
10962,5.0001
10963,3.9342
10964,5.0052
10965,3.8603
10966,2.7567
10967,3.8618
10968,4.4197
10969,3.8330
10970,3.3902
10971,3.9456
10972,2.5281
10973,3.3736
10974,4.3676
10975,3.0857
10976,3.7270
10977,4.1940
10978,4.4942
10979,2.9390
10980,4.6717
10981,4.1699
10982,4.8287
10983,3.7735
10984,4.7949
10985,4.3412
10986,4.1805
10987,3.1925
10988,3.9325
10989,3.5376
10990,2.8416
10991,4.1062
10992,3.5205
10993,3.4260
10994,2.4390
10995,2.4003
10996,4.5335
10997,4.1319
10998,3.9327
10999,3.1032
11000,4.1662
11001,4.5048
11002,3.1400
11003,4.7360
11004,3.9322
11005,4.4106
11006,3.5856
11007,4.6086
11008,3.3830
11009,3.7178
11010,4.2372
11011,4.4032
11012,4.6867
11013,3.9890
11014,3.9194
11015,3.8840
11016,4.6906
11017,3.2213
11018,3.1636
11019,4.9836
11020,4.1612
11021,3.2782
11022,4.2328
11023,5.0262
11024,4.0483
11025,3.6890
11026,2.8227
11027,3.5537
11028,3.3554
11029,3.0288
11030,3.0095
11031,4.3985
11032,3.4398
11033,3.7927
11034,3.5483
11035,4.0142
11036,4.4141
11037,4.1881
11038,3.7433
11039,4.5066
11040,4.2116
11041,4.2618
11042,3.1777
11043,2.7035
11044,4.2265
11045,4.7204
11046,3.3434
11047,2.5223
11048,3.7142
11049,4.4571
11050,3.4812
11051,4.3817
11052,4.0593
11053,4.6085
11054,4.1654
11055,3.9184
11056,3.6853
11057,3.9589
11058,4.6996
11059,4.2485
11060,3.8020
11061,3.7214
11062,3.2826
11063,4.6237
11064,3.1655
11065,3.9772
11066,3.0160
11067,2.8844
11068,3.0182
11069,4.0403
11070,3.9010
11071,4.1052
11072,4.2740
11073,3.6748
11074,4.0210
11075,2.7066
11076,3.5554
11077,2.6074
11078,3.3283
11079,4.2176
11080,3.4765
11081,3.6106
11082,2.9803
11083,4.4644
11084,4.3267
11085,4.1660
11086,3.7073
11087,4.6734
11088,2.8079
11089,3.9154
11090,4.5717
11091,3.9010
11092,4.2078
11093,4.4127
11094,4.2962
11095,3.0845
11096,4.1509
11097,3.0042
11098,3.5975
11099,4.6505
11100,3.9573
11101,4.9219
11102,4.4985
11103,3.4650
11104,4.4098
11105,4.1412
11106,3.3139
11107,2.8920
11108,5.1073
11109,4.2706
11110,4.2376
11111,3.1160
11112,4.0312
11113,3.6069
11114,2.7438
11115,3.9773
11116,3.3588
11117,3.7831
11118,4.7149
11119,4.2181
11120,4.2983
11121,3.9647
11122,3.3474
11123,3.2195
11124,4.4427
11125,3.4770
11126,3.3167
11127,4.2410
11128,4.5577
11129,4.5928
11130,3.4386
11131,3.3198
11132,3.2221
11133,3.2105
11134,4.5176
11135,4.6852
11136,3.5824
11137,4.3377
11138,4.1114
11139,4.5243
11140,4.2335
11141,4.1035
11142,4.3614
11143,4.0597
11144,3.0487
11145,3.1672
11146,3.8159
11147,4.5262
11148,2.8605
11149,4.0705
11150,4.4617
11151,4.1400
11152,2.7401
11153,3.4785
11154,4.2431
11155,3.9532
11156,4.2005
11157,3.6869
11158,2.7680
11159,4.5675
11160,3.7213
11161,3.7945
11162,4.9116
11163,4.5150
11164,4.3638
11165,4.4370
11166,3.6129
11167,3.2928
11168,4.1642
11169,4.1782
11170,3.0280
11171,4.0887
11172,3.0479
11173,3.4481
11174,4.4971
11175,3.6281
11176,4.5098
11177,4.4872
11178,2.1844
11179,4.3880
11180,4.4313
11181,4.4658
11182,3.0810
11183,3.6454
11184,4.3713
11185,4.5949
11186,3.9531
11187,2.5007
11188,3.2480
11189,3.3514
11190,2.7753
11191,3.3148
11192,4.5799
11193,4.5550
11194,4.5658
11195,2.2852
11196,4.8449
11197,4.1570
11198,3.4856
11199,3.2639
11200,3.9904
11201,2.5111
11202,4.2542
11203,3.7189
11204,2.8564
11205,4.3818
11206,3.1497
11207,3.6672
11208,4.1553
11209,4.4076
11210,4.7090
11211,4.6468
11212,2.9012
11213,3.1566
11214,4.1266
11215,4.6414
11216,3.7760
11217,4.4655
11218,4.1910
11219,3.7943
11220,3.1972
11221,4.4411
11222,4.2630
11223,3.4898
11224,3.1066
11225,4.6932
11226,4.5964
11227,4.2571
11228,4.4546
11229,3.6022
11230,4.2636
11231,4.3786
11232,3.6009
11233,3.4816
11234,2.9421
11235,3.0670
11236,4.2472
11237,4.1689
11238,3.1125
11239,3.4081
11240,4.2795
11241,3.4206
11242,4.2846
11243,4.2845
11244,4.1829
11245,4.0170
11246,4.3546
11247,3.5877
11248,3.7875
11249,3.4564
11250,3.1120
11251,4.2387
11252,4.2948
11253,3.4229
11254,4.6811
11255,4.3670
11256,4.2703
11257,4.3945
11258,4.1828
11259,4.3991
11260,4.6176
11261,3.9828
11262,4.0314
11263,3.6286
11264,3.1983
11265,4.4335
11266,4.5103
11267,3.6928
11268,3.0553
11269,3.8839
11270,3.2086
11271,3.7582
11272,3.4849
11273,3.6304
11274,3.1926
11275,4.6098
11276,4.2490
11277,4.1100
11278,3.1475
11279,4.2454
11280,3.6977
11281,3.8590
11282,4.4965
11283,3.5014
11284,3.6055
11285,3.7520
11286,3.6474
11287,4.6296
11288,4.5816
11289,2.7627
11290,5.1892
11291,3.5493
11292,3.0900
11293,3.8312
11294,4.4639
11295,4.5550
11296,4.3577
11297,2.8119
11298,4.3974
11299,3.2074
11300,2.9660
11301,4.6108
11302,4.4820
11303,4.3544
11304,4.5378
11305,4.1639
11306,4.3614
11307,4.5966
11308,4.4729
11309,2.9932
11310,4.7679
11311,3.1769
11312,3.9735
11313,4.1436
11314,4.2854
11315,4.0539
11316,3.0172
11317,4.4065
11318,4.1179
11319,3.6873
11320,4.8409
11321,4.4560
11322,4.4944
11323,3.1922
11324,2.9794
11325,3.0262
11326,4.5092
11327,4.7882
11328,4.2135
11329,3.0589
11330,4.6875
11331,4.2481
11332,3.9699
11333,3.1722
11334,3.6909
11335,2.9635
11336,4.5929
11337,3.8550
11338,3.6626
11339,4.3479
11340,3.8507
11341,4.9532
11342,4.7216
11343,4.6759
11344,4.2486
11345,3.9356
11346,4.3116
11347,4.2931
11348,3.3780
11349,3.3681
11350,4.8130
11351,4.2489
11352,4.3767
11353,3.4232
11354,3.0098
11355,2.7686
11356,3.5110
11357,3.6730
11358,4.1660
11359,4.2035
11360,2.9157
11361,4.4723
11362,2.9005
11363,4.0013
11364,2.8384
11365,3.2511
11366,4.6741
11367,3.6191
11368,3.2976
11369,4.1630
11370,3.0940
11371,2.7732
11372,4.3358
11373,3.0178
11374,3.9991
11375,2.1188
11376,4.6583
11377,4.8228
11378,3.3465
11379,3.7096
11380,3.2744
11381,3.9832
11382,3.0480
11383,3.2732
11384,2.9787
11385,4.3254
11386,4.1640
11387,3.3750
11388,4.4192
11389,4.6037
11390,2.7885
11391,3.0265
11392,4.2053
11393,4.2163
11394,3.4781
11395,3.9041
11396,4.2249
11397,4.4341
11398,4.1972
11399,4.4678
11400,4.6858
11401,4.6387
11402,3.4356
11403,4.2017
11404,3.5588
11405,3.0683
11406,4.1193
11407,4.0131
11408,4.0131
11409,3.4584
11410,3.7710
11411,2.8687
11412,4.2491
11413,3.3125
11414,4.6031
11415,4.7567
11416,4.2820
11417,4.5769
11418,4.4177
11419,3.7484
11420,4.1535
11421,4.0027
11422,3.5464
11423,3.7949
11424,2.1767
11425,4.2488
11426,4.3080
11427,4.2793
11428,2.9948
11429,3.4044
11430,4.3479
11431,3.7268
11432,4.1912
11433,3.8091
11434,4.0954
11435,5.0612
11436,3.5551
11437,4.0871
11438,3.7977
11439,4.5137
11440,3.0091
11441,3.3616
11442,4.1080
11443,2.8830
11444,2.5395
11445,3.2980
11446,3.2026
11447,2.7704
11448,4.1070
11449,4.3986
11450,5.0526
11451,3.1448
11452,3.9231
11453,4.3240
11454,4.2701
11455,4.6546
11456,3.2915
11457,3.4662
11458,3.6848
11459,2.8701
11460,3.2826
11461,3.3362
11462,4.7337
11463,4.5756
11464,4.2144
11465,4.5162
11466,4.0420
11467,3.8549
11468,3.9665
11469,4.4844
11470,4.5157
11471,3.0835
11472,3.7057
11473,4.0832
11474,4.1623
11475,4.5483
11476,4.3453
11477,3.9061
11478,4.6151
11479,3.8090
11480,4.2513
11481,4.4969
11482,3.5960
11483,3.8668
11484,4.4123
11485,2.4663
11486,4.2233
11487,3.6784
11488,4.8566
11489,2.5842
11490,3.5407
11491,4.4875
11492,3.9931
11493,3.0945
11494,3.1528
11495,4.2705
11496,3.3321
11497,4.3445
11498,4.1675
11499,3.1761
11500,4.0224
11501,3.9486
11502,3.2344
11503,4.2234
11504,4.2755
11505,4.6524
11506,4.8397
11507,4.6201
11508,4.2965
11509,4.0129
11510,4.5981
11511,3.7781
11512,3.1649
11513,3.0279
11514,4.4783
11515,4.4976
11516,2.4451
11517,3.3411
11518,3.9539
11519,4.3999
11520,4.2721
11521,3.7843
11522,4.6397
11523,4.5025
11524,4.5451
11525,4.1824
11526,4.2059
11527,4.6200
11528,3.9171
11529,3.7547
11530,4.3184
11531,4.1895
11532,4.1012
11533,3.6748
11534,4.1673
11535,2.8954
11536,3.5312
11537,3.8193
11538,4.2201
11539,4.2532
11540,4.1201
11541,3.4620
11542,4.1947
11543,4.4463
11544,4.0917
11545,4.3987
11546,3.8398
11547,4.1007
11548,4.5936
11549,2.9843
11550,4.4306
11551,3.1066
11552,4.7844
11553,4.4787
11554,2.4238
11555,3.7313
11556,4.2892
11557,3.3700
11558,4.5067
11559,4.5232
11560,4.6173
11561,4.3784
11562,4.6336
11563,4.5295
11564,3.7042
11565,4.2170
11566,4.5654
11567,4.1402
11568,4.3633
11569,4.4163
11570,3.3833
11571,3.8646
11572,4.0875
11573,4.4418
11574,3.6889
11575,3.6176
11576,3.3179
11577,4.2487
11578,4.1356
11579,2.6843
11580,3.1364
11581,3.7932
11582,3.8978
11583,3.8097
11584,4.3710
11585,2.5487
11586,3.6718
11587,3.7900
11588,3.3554
11589,4.6104
11590,4.1363
11591,3.7643
11592,3.5941
11593,3.2279
11594,4.4454
11595,4.0678
11596,3.1445
11597,4.7569
11598,4.3304
11599,2.7978
11600,4.3476
11601,3.7387
11602,3.0114
11603,4.5670
11604,2.8609
11605,2.4460
11606,3.1309
11607,4.8836
11608,4.6984
11609,3.3097
11610,4.7081
11611,4.6402
11612,4.3496
11613,4.6804
11614,4.8119
11615,3.8823
11616,4.6208
11617,4.3110
11618,4.1851
11619,4.4558
11620,3.3589
11621,4.3027
11622,4.3370
11623,4.1324
11624,4.5119
11625,3.1668
11626,4.1043
11627,4.3541
11628,3.4492
11629,4.3819
11630,4.1007
11631,4.4580
11632,2.8884
11633,4.1591
11634,4.5626
11635,3.6968
11636,4.3415
11637,4.5401
11638,4.0373
11639,3.6032
11640,4.4230
11641,4.4396
11642,4.2509
11643,2.8714
11644,3.0763
11645,4.3149
11646,4.7215
11647,2.5980
11648,4.1793
11649,3.4282
11650,4.4405
11651,2.8007
11652,4.2043
11653,4.4545
11654,4.1745
11655,2.5149
11656,4.4095
11657,4.5874
11658,4.3513
11659,3.7476
11660,4.7603
11661,4.4069
11662,3.4118
11663,4.1219
11664,2.9257
11665,3.2398
11666,4.3739
11667,3.0491
11668,3.6259
11669,3.0767
11670,4.5137
11671,4.4881
11672,3.5681
11673,4.3429
11674,3.3130
11675,4.2625
11676,2.9072
11677,4.2120
11678,4.1138
11679,4.5469
11680,4.3789
11681,3.4505
11682,4.7629
11683,3.7711
11684,4.3867
11685,3.1339
11686,4.0861
11687,4.3705
11688,3.8464
11689,3.6937
11690,4.0399
11691,3.3755
11692,2.8305
11693,2.9199
11694,4.1304
11695,2.9105
11696,4.4436
11697,3.5642
11698,4.5876
11699,3.6446
11700,4.6209
11701,3.4573
11702,4.5176
11703,3.5828
11704,3.3755
11705,3.1022
11706,3.7839
11707,3.5145
11708,4.7692
11709,3.7656
11710,4.7441
11711,3.2535
11712,3.7863
11713,3.5093
11714,3.8086
11715,4.4672
11716,3.7474
11717,4.6328
11718,2.9194
11719,3.4543
11720,4.0590
11721,5.1822
11722,4.7220
11723,4.2104
11724,3.2767
11725,3.3468
11726,4.0067
11727,3.8797
11728,4.0576
11729,4.5598
11730,2.8247
11731,2.9871
11732,3.6899
11733,4.1666
11734,3.3707
11735,4.1893
11736,4.6349
11737,4.5107
11738,2.9559
11739,3.9361
11740,2.4335
11741,4.3112
11742,3.8021
11743,4.5182
11744,3.3785
11745,3.2119
11746,4.7142
11747,3.9105
11748,3.6541
11749,3.5479
11750,3.4068
11751,4.0674
11752,4.0621
11753,3.8030
11754,4.4169
11755,2.9939
11756,3.7173
11757,4.2264
11758,4.4538
11759,4.0610
11760,3.8881
11761,4.3295
11762,2.9729
11763,4.6338
11764,4.5497
11765,4.1584
11766,4.0374
11767,3.7778
11768,4.2870
11769,3.0836
11770,3.7947
11771,4.5651
11772,4.2948
11773,4.7165
11774,4.8269
11775,4.4811
11776,3.3079
11777,3.6866
11778,4.3288
11779,4.6682
11780,4.1133
11781,2.8067
11782,4.2597
11783,4.3440
11784,4.0101
11785,4.6345
11786,4.2422
11787,4.1791
11788,3.0026
11789,3.4158
11790,4.5824
11791,4.6198
11792,3.8390
11793,4.3917
11794,3.7499
11795,3.6655
11796,4.2422
11797,4.2134
11798,4.2174
11799,4.6249
11800,4.1910
11801,4.3985
11802,4.1483
11803,3.9050
11804,4.4427
11805,3.9835
11806,3.0616
11807,3.8861
11808,4.8363
11809,4.2463
11810,2.7981
11811,2.6056
11812,4.4639
11813,3.6969
11814,2.8828
11815,3.9079
11816,3.2741
11817,4.4909
11818,3.9247
11819,4.2098
11820,3.9039
11821,4.3854
11822,4.1482
11823,2.9246
11824,4.5097
11825,3.6786
11826,3.5314
11827,3.0954
11828,3.7008
11829,3.0518
11830,3.2825
11831,3.5585
11832,3.3334
11833,4.4315
11834,3.6774
11835,3.3674
11836,3.9920
11837,4.6031
11838,3.9675
11839,3.4778
11840,4.1381
11841,4.1738
11842,3.0871
11843,3.3619
11844,4.4750
11845,2.9550
11846,4.8104
11847,2.7323
11848,4.5702
11849,4.2157
11850,4.7146
11851,4.7463
11852,3.5399
11853,4.0416
11854,4.4724
11855,4.2469
11856,3.0793
11857,4.0580
11858,4.2943
11859,3.2196
11860,2.7446
11861,4.5073
11862,3.0961
11863,2.8014
11864,3.6817
11865,4.5641
11866,3.0264
11867,3.9466
11868,4.3716
11869,3.6317
11870,4.6363
11871,3.7098
11872,3.4287
11873,4.6620
11874,3.2232
11875,4.6040
11876,3.8147
11877,4.0218
11878,2.9618
11879,3.9256
11880,3.1243
11881,4.1215
11882,2.5491
11883,4.0908
11884,2.8163
11885,3.7987
11886,4.6179
11887,3.6078
11888,3.6225
11889,4.6551
11890,4.4666
11891,4.4388
11892,3.6206
11893,4.7314
11894,4.2832
11895,4.8211
11896,4.1673
11897,4.3824
11898,4.1756
11899,3.5527
11900,4.3333
11901,3.6286
11902,3.2636
11903,3.7009
11904,4.4149
11905,4.4814
11906,4.3141
11907,4.7437
11908,4.2995
11909,4.6063
11910,4.3619
11911,3.3300
11912,4.1366
11913,3.6771
11914,4.7127
11915,3.4904
11916,4.4724
11917,3.2586
11918,2.2456
11919,4.3088
11920,3.3397
11921,4.2890
11922,3.2308
11923,3.1446
11924,3.2212
11925,3.7636
11926,4.4464
11927,3.3120
11928,3.9035
11929,3.4913
11930,3.8527
11931,3.5745
11932,2.3571
11933,5.0119
11934,4.3443
11935,3.9707
11936,2.6709
11937,3.7388
11938,4.6258
11939,4.2520
11940,4.6018
11941,4.8583
11942,3.5236
11943,3.2042
11944,2.5224
11945,3.1321
11946,4.3057
11947,3.6901
11948,3.6314
11949,3.7054
11950,3.5597
11951,4.6601
11952,4.5248
11953,4.8074
11954,4.0179
11955,3.7379
11956,4.0906
11957,4.4831
11958,4.3847
11959,3.7512
11960,4.0624
11961,4.1278
11962,3.6458
11963,3.1075
11964,3.3064
11965,4.5587
11966,3.7371
11967,4.8669
11968,4.6179
11969,4.1329
11970,2.8849
11971,4.0114
11972,4.3066
11973,3.9860
11974,4.0227
11975,3.9927
11976,2.5800
11977,3.1656
11978,2.8257
11979,2.8078
11980,3.9023
11981,4.5015
11982,4.8174
11983,4.0028
11984,4.0811
11985,4.4194
11986,3.9254
11987,4.0215
11988,4.3877
11989,4.0668
11990,3.2519
11991,3.5044
11992,3.2924
11993,4.6875
11994,4.5870
11995,4.4654
11996,4.2395
11997,3.0842
11998,4.0690
11999,3.2046
12000,3.6248
12001,2.8377
12002,4.4717
12003,4.2602
12004,3.2838
12005,3.9934
12006,4.4638
12007,4.6122
12008,3.8029
12009,3.2878
12010,2.2923
12011,4.7599
12012,3.3546
12013,2.6878
12014,2.7935
12015,4.2085
12016,4.0100
12017,3.2636
12018,4.1506
12019,3.9376
12020,4.3837
12021,3.8584
12022,3.3671
12023,4.0377
12024,3.4841
12025,4.1298
12026,3.6488
12027,4.0439
12028,4.4323
12029,2.7532
12030,3.8432
12031,4.4027
12032,3.7187
12033,4.3702
12034,4.4322
12035,4.5471
12036,4.1263
12037,3.7339
12038,3.5342
12039,3.5808
12040,3.9249
12041,4.2467
12042,3.0888
12043,4.1471
12044,4.1836
12045,3.4568
12046,4.6514
12047,3.1727
12048,4.2317
12049,4.0421
12050,3.0338
12051,4.6521
12052,3.0587
12053,4.3496
12054,3.6931
12055,4.1717
12056,4.9359
12057,3.5151
12058,4.4149
12059,4.7424
12060,4.1532
12061,3.1816
12062,4.2402
12063,4.2081
12064,4.3465
12065,2.8799
12066,3.9654
12067,3.5780
12068,4.7747
12069,3.6343
12070,3.7534
12071,2.8385
12072,3.1496
12073,4.7193
12074,4.7123
12075,4.5519
12076,3.9436
12077,4.6606
12078,4.6093
12079,3.9642
12080,3.5917
12081,4.2659
12082,3.5173
12083,2.6272
12084,4.1631
12085,4.3430
12086,3.7189
12087,4.4926
12088,3.1121
12089,3.0013
12090,4.4765
12091,4.5378
12092,4.4199
12093,3.8052
12094,3.2333
12095,4.3494
12096,2.9581
12097,2.9385
12098,3.6837
12099,3.2441
12100,4.5864
12101,3.5138
12102,4.0293
12103,4.2682
12104,3.6258
12105,2.8480
12106,4.2661
12107,4.4271
12108,4.3779
12109,4.2570
12110,4.5275
12111,2.7086
12112,2.9374
12113,4.2042
12114,4.5888
12115,3.5127
12116,3.7827
12117,3.6637
12118,4.1535
12119,4.0301
12120,3.5084
12121,4.8669
12122,4.4847
12123,2.6864
12124,3.4097
12125,4.5362
12126,4.2631
12127,4.1272
12128,3.5106
12129,4.8508
12130,2.7557
12131,4.5880
12132,4.6358
12133,4.0983
12134,2.7603
12135,3.2820
12136,4.2389
12137,4.2064
12138,3.8147
12139,4.4242
12140,3.2311
12141,3.6722
12142,3.3821
12143,3.2380
12144,3.9142
12145,3.7881
12146,3.1305
12147,4.2406
12148,3.8367
12149,4.1171
12150,2.8489
12151,3.9690
12152,4.5645
12153,4.3110
12154,4.6148
12155,3.2798
12156,3.7365
12157,4.4408
12158,4.0978
12159,2.9846
12160,3.6865
12161,2.6958
12162,3.9536
12163,3.0112
12164,4.1767
12165,4.5123
12166,4.6458
12167,3.0199
12168,3.6030
12169,3.1884
12170,4.5298
12171,3.9917
12172,3.8917
12173,4.1637
12174,4.6283
12175,4.6596
12176,4.3848
12177,4.0953
12178,4.4946
12179,4.3697
12180,4.4419
12181,4.2726
12182,4.4520
12183,3.7512
12184,3.5362
12185,3.8642
12186,4.0708
12187,3.0738
12188,4.1341
12189,3.2596
12190,4.0017
12191,3.4106
12192,3.0502
12193,4.7084
12194,4.7154
12195,3.8055
12196,4.5828
12197,3.6160
12198,4.2324
12199,3.7050
12200,3.1882
12201,4.3449
12202,4.1213
12203,2.3911
12204,3.0843
12205,4.3681
12206,4.3890
12207,3.1314
12208,4.4936
12209,2.8642
12210,4.0786
12211,4.5047
12212,4.4546
12213,3.4519
12214,4.5077
12215,3.7116
12216,4.3270
12217,3.9467
12218,4.6964
12219,3.6720
12220,3.8779
12221,4.5593
12222,4.1702
12223,3.7808
12224,4.2829
12225,4.2327
12226,4.0565
12227,3.7547
12228,4.0542
12229,4.2936
12230,4.5786
12231,3.3801
12232,3.3008
12233,4.3232
12234,4.1534
12235,3.5868
12236,4.5126
12237,3.5377
12238,4.4505
12239,3.7177
12240,3.7786
12241,4.2297
12242,4.4382
12243,4.4947
12244,4.0791
12245,3.2528
12246,3.4733
12247,4.4124
12248,3.9668
12249,4.3286
12250,3.1464
12251,3.6620
12252,3.2054
12253,3.1693
12254,3.3138
12255,4.7835
12256,4.6131
12257,4.2462
12258,2.9917
12259,3.1652
12260,3.2220
12261,3.9076
12262,3.0965
12263,4.3651
12264,3.4520
12265,4.4666
12266,3.6183
12267,2.8330
12268,4.2379
12269,3.0202
12270,4.5727
12271,4.2000
12272,4.2788
12273,4.1217
12274,3.5049
12275,3.9577
12276,4.0588
12277,3.7771
12278,3.5174
12279,4.3028
12280,3.5087
12281,4.6950
12282,3.1816
12283,3.7064
12284,4.4846
12285,4.2004
12286,3.9548
12287,2.6684
12288,4.4006
12289,3.6720
12290,4.4861
12291,3.5826
12292,3.7715
12293,4.4086
12294,3.1951
12295,4.4236
12296,4.0414
12297,3.7461
12298,3.3485
12299,3.1573
12300,2.7103
12301,3.7782
12302,3.8860
12303,3.2396
12304,3.9985
12305,3.7041
12306,3.0955
12307,2.8357
12308,4.2906
12309,4.2247
12310,5.2589
12311,3.2230
12312,3.7485
12313,4.1166
12314,4.3033
12315,4.4275
12316,3.4147
12317,3.5697
12318,4.2257
12319,4.5956
12320,2.9092
12321,4.6046
12322,2.7345
12323,3.3096
12324,4.1333
12325,3.3374
12326,4.6588
12327,3.8687
12328,3.0917
12329,4.7840
12330,4.5789
12331,3.8611
12332,4.2249
12333,3.8506
12334,3.2382
12335,3.3181
12336,4.1036
12337,3.9233
12338,3.6877
12339,4.1934
12340,3.0888
12341,4.1062
12342,4.2371
12343,4.4627
12344,4.3718
12345,4.6808
12346,4.1902
12347,2.9629
12348,4.7562
12349,3.4947
12350,3.5570
12351,4.3972
12352,4.4428
12353,4.1733
12354,4.4187
12355,4.1432
12356,4.3212
12357,3.5917
12358,4.0691
12359,3.1395
12360,3.5492
12361,3.3663
12362,4.9160
12363,3.4437
12364,3.0948
12365,4.0549
12366,3.5220
12367,4.4627
12368,3.2076
12369,3.0054
12370,4.3343
12371,3.5853
12372,4.2887
12373,4.2113
12374,3.0711
12375,4.7723
12376,2.9653
12377,3.3372
12378,3.1375
12379,4.0384
12380,4.3938
12381,4.7921
12382,4.3069
12383,3.4684
12384,4.7079
12385,4.5948
12386,4.3569
12387,4.5347
12388,4.1057
12389,3.1635
12390,5.0449
12391,4.6995
12392,4.2986
12393,3.6063
12394,3.0060
12395,4.0503
12396,4.7216
12397,3.9040
12398,3.8121
12399,3.7859
12400,3.6004
12401,3.4024
12402,3.4061
12403,3.5317
12404,3.0684
12405,3.4891
12406,3.7171
12407,3.8146
12408,4.0693
12409,4.1679
12410,2.8549
12411,4.6003
12412,4.4749
12413,2.6659
12414,4.4519
12415,3.6994
12416,2.7926
12417,4.2237
12418,4.2382
12419,4.5197
12420,4.2702
12421,3.5615
12422,3.3404
12423,2.5630
12424,3.3629
12425,4.4554
12426,4.4852
12427,4.4734
12428,2.7880
12429,4.2923
12430,3.3496
12431,4.5961
12432,4.3307
12433,2.9833
12434,4.4913
12435,4.1182
12436,4.1910
12437,4.1571
12438,3.3763
12439,3.2898
12440,4.0491
12441,4.5109
12442,4.4457
12443,4.4022
12444,4.6614
12445,5.1691
12446,4.3516
12447,4.2859
12448,4.1865
12449,4.4199
12450,3.8862
12451,3.0926
12452,4.1428
12453,4.1302
12454,3.5594
12455,3.4023
12456,4.3284
12457,2.6679
12458,3.6357
12459,3.6326
12460,2.9065
12461,2.7611
12462,4.5655
12463,3.2327
12464,4.5372
12465,2.9292
12466,4.3648
12467,4.6781
12468,3.8023
12469,3.8018
12470,3.5954
12471,2.6180
12472,3.0823
12473,3.6521
12474,3.5196
12475,4.6170
12476,4.7010
12477,2.6154
12478,2.6470
12479,4.6368
12480,4.2860
12481,4.6010
12482,4.1080
12483,3.7768
12484,3.1189
12485,4.5319
12486,3.0520
12487,4.2311
12488,2.7891
12489,4.4386
12490,4.4117
12491,3.2867
12492,4.0715
12493,4.2890
12494,3.4369
12495,2.6992
12496,5.0013
12497,3.9657
12498,3.3561
12499,3.6200
12500,3.1701
12501,3.4193
12502,3.4542
12503,4.8730
12504,3.6584
12505,4.5553
12506,4.0122
12507,3.4415
12508,3.7578
12509,2.8581
12510,4.0355
12511,3.9218
12512,4.3809
12513,4.2199
12514,4.3239
12515,2.8366
12516,4.5353
12517,4.4858
12518,3.8920
12519,3.2263
12520,4.6308
12521,3.8034
12522,3.3853
12523,4.3180
12524,4.5693
12525,3.2522
12526,4.5362
12527,3.0359
12528,4.5541
12529,2.6921
12530,3.5506
12531,4.4311
12532,4.4648
12533,2.8299
12534,4.0748
12535,2.8552
12536,2.9458
12537,4.3738
12538,2.6488
12539,3.3190
12540,3.1321
12541,3.2956
12542,3.9558
12543,3.5542
12544,4.0180
12545,3.4532
12546,4.4982
12547,3.1476
12548,4.2412
12549,3.6389
12550,3.7853
12551,4.8546
12552,4.7728
12553,4.1996
12554,4.3091
12555,3.8685
12556,3.3360
12557,3.3420
12558,3.5250
12559,4.4005
12560,2.9959
12561,4.5334
12562,2.8366
12563,4.5766
12564,3.8611
12565,3.2687
12566,3.8620
12567,4.1428
12568,2.7763
12569,3.2760
12570,3.2633
12571,3.8582
12572,4.8368
12573,3.6475
12574,4.8327
12575,3.9064
12576,3.0339
12577,3.6482
12578,4.3253
12579,4.0342
12580,3.4859
12581,4.6588
12582,3.2751
12583,4.3034
12584,2.6054
12585,3.6665
12586,3.3254
12587,3.4522
12588,4.0976
12589,4.1271
12590,4.5449
12591,4.1676
12592,4.5211
12593,4.6948
12594,4.5495
12595,4.3399
12596,4.7104
12597,2.2422
12598,4.1990
12599,3.6778
12600,4.1359
12601,4.2929
12602,4.3420
12603,4.4364
12604,3.5724
12605,4.7077
12606,4.2432
12607,3.5978
12608,2.9267
12609,2.3310
12610,3.8614
12611,2.7336
12612,3.8624
12613,4.1439
12614,3.4499
12615,3.6764
12616,2.8741
12617,2.9919
12618,4.3903
12619,4.6631
12620,4.4485
12621,4.1867
12622,3.3021
12623,4.2960
12624,4.7800
12625,3.6679
12626,3.7760
12627,3.3315
12628,3.1207
12629,2.9988
12630,3.8911
12631,3.9439
12632,4.2859
12633,3.1776
12634,4.3876
12635,4.5064
12636,3.6342
12637,4.3700
12638,2.8848
12639,4.4210
12640,2.3955
12641,4.4330
12642,4.4231
12643,4.1027
12644,4.4725
12645,3.7868
12646,2.4869
12647,3.8276
12648,4.4893
12649,4.6396
12650,3.5302
12651,4.5304
12652,3.2748
12653,4.2423
12654,4.5433
12655,3.5352
12656,3.8500
12657,3.3557
12658,3.5164
12659,3.3075
12660,4.4168
12661,2.5138
12662,2.6644
12663,3.5349
12664,4.4211
12665,4.6073
12666,4.5792
12667,2.8526
12668,4.3391
12669,4.6447
12670,3.7740
12671,3.9049
12672,4.5860
12673,3.8728
12674,3.9435
12675,4.0660
12676,2.8932
12677,4.0332
12678,3.5933
12679,3.5174
12680,3.3345
12681,2.8969
12682,3.3022
12683,4.3976
12684,2.9040
12685,4.0822
12686,3.1359
12687,3.5183
12688,3.8153
12689,2.9140
12690,2.8707
12691,3.5488
12692,5.1441
12693,3.1490
12694,2.8096
12695,2.9786
12696,4.2925
12697,3.3901
12698,3.6674
12699,2.9874
12700,4.7670
12701,4.7663
12702,4.0198
12703,3.4629
12704,4.5314
12705,3.2580
12706,3.9005
12707,4.3084
12708,4.2704
12709,3.6701
12710,4.8715
12711,4.3840
12712,3.5019
12713,4.3988
12714,4.5211
12715,2.7566
12716,4.3993
12717,3.6811
12718,3.0787
12719,3.3336
12720,4.6789
12721,3.2118
12722,4.0926
12723,3.1604
12724,3.2381
12725,3.6595
12726,4.4721
12727,3.3628
12728,4.3294
12729,3.4624
12730,4.0375
12731,2.9075
12732,3.4664
12733,4.3110
12734,4.0214
12735,4.2990
12736,4.1746
12737,4.4431
12738,2.8932
12739,4.3910
12740,4.5439
12741,4.4821
12742,3.3806
12743,3.4279
12744,3.1663
12745,4.3262
12746,3.4386
12747,3.8060
12748,4.6053
12749,4.3544
12750,4.8811
12751,3.1991
12752,3.8330
12753,4.4518
12754,2.6073
12755,4.3270
12756,4.4217
12757,3.3398
12758,3.1529
12759,4.3147
12760,4.5735
12761,4.8625
12762,3.8877
12763,3.3775
12764,3.6649
12765,3.6189
12766,2.7654
12767,4.2791
12768,4.3153
12769,4.1805
12770,2.4448
12771,4.2875
12772,4.5110
12773,3.8719
12774,4.3600
12775,4.7286
12776,3.2811
12777,4.2872
12778,2.9174
12779,3.1403
12780,2.9528
12781,3.0693
12782,4.5967
12783,3.2514
12784,2.5001
12785,4.6564
12786,3.3334
12787,3.8542
12788,4.3025
12789,2.7565
12790,3.7953
12791,4.6943
12792,3.3126
12793,3.0967
12794,2.6201
12795,4.6290
12796,3.2066
12797,4.4223
12798,2.7869
12799,4.3917
12800,3.2555
12801,4.4855
12802,2.7732
12803,3.0565
12804,4.6665
12805,3.9143
12806,3.1024
12807,3.5327
12808,3.9831
12809,3.8127
12810,4.0615
12811,3.9626
12812,2.6713
12813,4.3904
12814,3.0799
12815,3.8342
12816,4.6559
12817,4.4948
12818,3.3337
12819,4.5218
12820,3.7966
12821,4.5091
12822,3.4438
12823,4.5178
12824,3.5193
12825,4.6442
12826,4.0862
12827,4.0942
12828,4.1188
12829,4.8841
12830,3.4341
12831,4.3089
12832,4.5178
12833,3.4670
12834,2.9036
12835,2.6618
12836,3.4381
12837,2.8805
12838,4.5033
12839,3.8185
12840,4.3591
12841,4.6547
12842,4.0860
12843,4.7046
12844,3.9918
12845,3.0951
12846,4.0137
12847,3.8090
12848,4.1529
12849,4.5045
12850,3.1973
12851,4.3855
12852,3.3250
12853,3.7401
12854,3.1645
12855,3.8812
12856,3.4462
12857,3.7488
12858,3.9068
12859,2.7042
12860,3.9365
12861,3.7914
12862,3.5733
12863,3.6053
12864,3.6203
12865,2.9273
12866,2.9771
12867,4.3829
12868,3.0623
12869,4.1608
12870,3.3198
12871,4.3671
12872,3.2537
12873,3.0805
12874,3.3385
12875,3.4771
12876,3.8111
12877,4.6452
12878,3.7304
12879,3.7040
12880,3.2597
12881,4.3121
12882,3.4154
12883,2.9051
12884,3.8342
12885,3.1664
12886,4.0998
12887,4.3886
12888,3.7106
12889,4.4539
12890,4.6279
12891,3.9871
12892,2.8780
12893,4.3194
12894,3.8417
12895,3.9260
12896,4.0288
12897,3.3771
12898,5.1470
12899,3.1189
12900,4.2392
12901,4.5596
12902,4.6636
12903,3.4858
12904,4.6905
12905,3.3361
12906,3.0724
12907,4.7132
12908,3.7549
12909,4.6777
12910,4.6865
12911,4.4751
12912,3.7930
12913,3.8387
12914,4.6532
12915,3.7202
12916,3.8985
12917,2.4063
12918,4.3442
12919,2.3149
12920,3.3269
12921,3.2115
12922,4.1346
12923,4.4067
12924,4.4595
12925,3.1075
12926,3.4142
12927,3.8126
12928,4.6694
12929,2.5450
12930,3.8091
12931,2.7762
12932,4.3361
12933,2.9949
12934,3.9627
12935,2.7420
12936,4.6049
12937,2.9133
12938,4.4482
12939,4.6038
12940,4.4899
12941,3.6160
12942,2.9797
12943,4.4003
12944,4.4491
12945,2.8370
12946,4.4102
12947,3.0910
12948,2.9738
12949,3.9020
12950,4.5994
12951,4.7126
12952,3.4897
12953,3.9899
12954,4.4925
12955,4.6883
12956,3.6509
12957,3.6704
12958,3.2235
12959,3.1476
12960,4.3945
12961,3.4547
12962,4.3593
12963,3.5778
12964,3.5249
12965,4.4668
12966,4.1342
12967,4.2666
12968,4.3904
12969,3.5155
12970,3.9079
12971,3.7447
12972,3.3306
12973,4.6314
12974,3.1438
12975,4.6528
12976,3.8153
12977,3.7917
12978,3.3287
12979,4.4343
12980,3.7542
12981,4.1653
12982,4.4047
12983,4.5011
12984,2.9099
12985,4.3404
12986,4.5483
12987,3.5460
12988,3.6597
12989,4.2835
12990,3.7125
12991,2.9661
12992,3.2932
12993,3.0916
12994,3.4470
12995,4.6198
12996,4.2304
12997,2.7200
12998,4.0887
12999,3.3328
13000,3.8361
13001,3.2437
13002,3.7272
13003,3.5467
13004,4.6028
13005,4.4263
13006,3.8972
13007,4.4273
13008,4.0878
13009,3.8606
13010,4.4862
13011,3.7282
13012,3.0308
13013,4.5358
13014,3.5604
13015,4.6193
13016,4.5566
13017,2.8435
13018,4.1644
13019,4.3752
13020,3.9445
13021,4.5912
13022,4.7706
13023,4.4494
13024,4.1288
13025,4.5169
13026,3.0958
13027,3.6042
13028,4.3422
13029,3.9309
13030,4.1541
13031,3.5805
13032,3.6840
13033,4.8669
13034,3.3116
13035,3.3154
13036,4.2877
13037,4.2096
13038,4.5306
13039,1.9807
13040,3.4308
13041,3.2188
13042,3.6617
13043,4.0367
13044,4.2364
13045,4.5353
13046,4.5608
13047,2.7493
13048,3.7461
13049,2.4372
13050,4.0396
13051,4.5122
13052,4.2282
13053,3.9763
13054,3.9665
13055,3.4011
13056,4.0434
13057,3.9306
13058,3.4982
13059,2.6052
13060,4.1603
13061,4.0807
13062,4.4680
13063,2.9895
13064,3.9687
13065,3.7459
13066,3.0732
13067,4.4157
13068,4.4100
13069,3.0275
13070,4.2123
13071,3.8096
13072,3.5617
13073,4.0218
13074,4.5779
13075,3.2766
13076,3.3030
13077,3.3963
13078,4.2723
13079,4.1394
13080,4.1016
13081,4.4971
13082,3.7345
13083,4.4421
13084,3.1481
13085,4.1562
13086,3.9053
13087,3.3955
13088,4.4327
13089,3.8275
13090,4.0324
13091,4.0549
13092,4.0789
13093,4.3042
13094,3.5780
13095,4.4799
13096,4.0830
13097,4.3972
13098,2.1883
13099,4.4744
13100,3.7811
13101,3.9691
13102,4.4561
13103,3.1291
13104,3.5338
13105,4.3671
13106,4.8188
13107,3.0851
13108,4.6516
13109,3.4682
13110,4.8152
13111,3.3278
13112,4.1715
13113,3.7487
13114,4.2074
13115,3.5981
13116,3.3423
13117,3.6929
13118,3.0653
13119,4.2604
13120,3.0559
13121,4.9604
13122,3.1297
13123,4.5931
13124,4.6446
13125,2.8415
13126,3.2660
13127,4.6139
13128,3.3726
13129,3.7293
13130,4.2097
13131,4.4964
13132,4.0450
13133,4.1929
13134,4.7878
13135,3.2385
13136,4.1182
13137,2.0655
13138,4.1878
13139,4.6697
13140,3.3916
13141,3.8562
13142,3.0876
13143,3.8505
13144,4.4060
13145,4.3188
13146,4.6425
13147,3.1074
13148,4.3151
13149,4.1177
13150,3.1917
13151,3.2722
13152,3.1728
13153,4.0383
13154,2.9543
13155,3.2712
13156,3.0989
13157,4.1955
13158,4.4326
13159,4.3167
13160,3.6656
13161,3.6061
13162,3.3437
13163,3.0604
13164,3.1615
13165,5.0186
13166,4.3692
13167,3.5375
13168,4.1795
13169,4.3077
13170,4.4505
13171,4.4680
13172,3.9212
13173,2.4003
13174,4.7134
13175,4.5236
13176,2.9413
13177,3.9542
13178,4.0053
13179,4.2255
13180,4.3817
13181,4.3220
13182,3.3579
13183,4.1888
13184,3.3908
13185,4.6531
13186,2.5965
13187,3.8614
13188,4.0931
13189,4.7937
13190,2.9916
13191,2.4319
13192,4.0500
13193,4.2489
13194,4.1510
13195,3.6293
13196,3.7653
13197,4.8090
13198,4.4672
13199,4.4669
13200,3.8298
13201,4.4419
13202,3.6639
13203,3.4215
13204,3.4317
13205,3.0027
13206,2.5715
13207,3.6907
13208,4.1132
13209,4.0581
13210,4.0858
13211,4.4848
13212,3.0779
13213,3.1973
13214,4.2221
13215,4.7246
13216,4.2293
13217,3.6024
13218,3.0521
13219,4.5357
13220,2.7801
13221,3.8107
13222,4.5863
13223,2.4460
13224,4.6112
13225,4.6909
13226,4.4635
13227,4.3825
13228,4.4366
13229,4.5709
13230,4.3196
13231,4.7415
13232,3.3030
13233,4.8133
13234,4.1657
13235,4.4275
13236,4.1330
13237,4.0302
13238,3.8940
13239,4.6873
13240,4.2375
13241,3.5899
13242,4.0011
13243,5.0031
13244,3.1149
13245,4.0939
13246,4.0057
13247,3.5312
13248,2.9154
13249,3.0465
13250,3.9802
13251,3.1266
13252,3.7956
13253,2.9132
13254,3.6126
13255,3.9777
13256,3.0278
13257,4.7289
13258,3.5532
13259,3.3777
13260,3.1649
13261,4.5667
13262,3.7523
13263,3.9065
13264,3.7461
13265,4.7689
13266,4.6390
13267,4.2501
13268,3.9020
13269,4.2086
13270,3.6957
13271,3.4601
13272,3.1521
13273,2.9376
13274,4.3233
13275,2.7360
13276,4.5131
13277,4.7579
13278,4.3181
13279,4.6470
13280,3.2379
13281,4.8746
13282,4.9014
13283,3.2887
13284,3.7263
13285,2.2507
13286,3.4253
13287,4.0701
13288,3.9328
13289,3.3379
13290,4.4520
13291,2.6974
13292,3.7354
13293,3.0376
13294,3.3855
13295,3.2958
13296,4.1606
13297,3.1218
13298,4.9366
13299,3.4397
13300,3.6032
13301,3.4722
13302,4.3335
13303,4.4563
13304,3.4124
13305,4.8942
13306,2.3433
13307,3.3995
13308,2.8705
13309,3.3477
13310,3.6133
13311,2.8535
13312,2.9307
13313,4.9661
13314,3.9823
13315,3.5215
13316,4.0488
13317,4.8505
13318,4.3932
13319,3.6586
13320,4.6131
13321,2.5741
13322,3.0082
13323,3.6312
13324,4.0320
13325,3.8504
13326,3.6106
13327,4.5749
13328,3.7678
13329,3.8788
13330,3.0914
13331,3.8753
13332,4.5671
13333,4.2396
13334,4.5795
13335,3.9787
13336,4.3549
13337,3.5285
13338,2.8440
13339,2.3558
13340,4.0186
13341,4.0648
13342,4.7073
13343,3.8961
13344,3.7220
13345,3.6224
13346,4.1143
13347,3.6121
13348,4.6072
13349,3.2700
13350,4.0983
13351,4.6076
13352,4.4081
13353,3.5219
13354,4.6733
13355,4.6191
13356,3.3591
13357,3.2282
13358,4.0538
13359,3.1667
13360,3.6501
13361,4.4055
13362,3.2440
13363,3.9671
13364,3.9975
13365,4.2699
13366,3.6494
13367,4.1222
13368,2.8781
13369,2.9857
13370,3.7401
13371,4.4824
13372,3.3797
13373,4.6903
13374,4.1979
13375,3.7183
13376,2.6830
13377,2.7882
13378,4.9602
13379,4.4217
13380,4.0851
13381,3.0695
13382,3.7315
13383,3.6962
13384,3.8782
13385,3.3996
13386,4.3056
13387,4.0574
13388,4.0135
13389,3.9033
13390,3.7427
13391,4.1904
13392,3.4205
13393,4.3635
13394,3.6969
13395,4.0503
13396,4.1231
13397,3.9678
13398,3.2072
13399,3.7623
13400,3.5468
13401,4.4242
13402,3.7088
13403,3.7325
13404,4.5471
13405,2.5305
13406,3.8682
13407,5.1921
13408,4.7454
13409,4.3905
13410,4.5007
13411,3.0480
13412,2.6819
13413,2.5321
13414,3.8498
13415,3.3584
13416,3.1547
13417,3.8403
13418,3.2464
13419,4.6235
13420,4.9371
13421,3.4486
13422,4.5600
13423,4.7514
13424,3.2811
13425,3.0539
13426,3.9541
13427,4.1758
13428,3.7721
13429,3.7697
13430,3.0715
13431,3.9027
13432,3.8348
13433,3.3908
13434,4.8145
13435,3.1495
13436,2.3878
13437,4.0070
13438,2.6317
13439,2.5850
13440,3.3165
13441,4.3395
13442,3.4854
13443,4.4801
13444,4.2804
13445,3.4203
13446,4.2396
13447,4.5459
13448,4.6932
13449,4.6036
13450,3.1586
13451,4.0746
13452,4.2323
13453,4.2801
13454,3.8129
13455,4.6753
13456,4.4686
13457,2.9736
13458,4.2039
13459,4.5238
13460,2.3270
13461,4.1903
13462,4.3821
13463,2.5085
13464,4.2343
13465,4.4686
13466,3.3852
13467,4.5337
13468,4.2378
13469,4.6670
13470,3.5135
13471,3.4965
13472,3.5212
13473,2.4092
13474,4.5783
13475,3.2703
13476,3.0418
13477,2.9263
13478,4.3588
13479,3.4649
13480,3.5437
13481,4.4788
13482,3.2959
13483,3.2228
13484,4.5011
13485,4.0879
13486,4.6428
13487,3.2114
13488,3.7159
13489,2.6621
13490,3.0150
13491,4.5925
13492,3.1106
13493,3.8340
13494,3.4496
13495,2.4219
13496,3.4569
13497,3.2525
13498,3.7405
13499,3.2936
13500,3.7938
13501,2.6735
13502,4.1188
13503,4.1575
13504,4.3289
13505,3.6578
13506,4.2900
13507,4.3397
13508,3.6166
13509,3.7401
13510,4.1991
13511,3.2936
13512,4.4796
13513,2.9357
13514,3.3930
13515,4.2297
13516,4.4167
13517,3.3654
13518,4.4823
13519,4.0689
13520,3.9486
13521,4.6191
13522,3.5639
13523,3.9857
13524,4.2581
13525,4.2510
13526,2.6413
13527,3.8614
13528,4.6876
13529,4.1472
13530,3.6175
13531,4.5267
13532,2.8503
13533,3.2399
13534,3.7525
13535,3.5631
13536,3.1329
13537,4.1909
13538,3.4694
13539,4.3964
13540,3.8005
13541,4.0094
13542,4.6792
13543,4.5439
13544,3.9078
13545,4.5096
13546,4.8168
13547,2.4186
13548,3.6625
13549,4.0710
13550,3.1814
13551,4.5714
13552,4.4787
13553,4.0666
13554,4.3825
13555,2.7152
13556,4.5535
13557,4.3979
13558,3.5936
13559,4.5732
13560,3.7247
13561,4.3105
13562,4.1991
13563,4.5737
13564,3.8596
13565,3.2556
13566,3.9878
13567,4.6849
13568,2.7309
13569,4.4165
13570,4.3001
13571,2.9474
13572,3.6965
13573,2.9615
13574,3.2562
13575,3.3318
13576,3.3666
13577,4.9887
13578,2.7357
13579,4.6631
13580,4.1296
13581,3.4080
13582,4.3513
13583,4.1286
13584,3.4185
13585,4.4627
13586,4.2874
13587,3.2145
13588,3.7461
13589,4.9726
13590,4.3454
13591,4.5709
13592,3.0788
13593,3.3807
13594,3.9911
13595,3.8069
13596,3.8762
13597,4.1170
13598,4.4514
13599,5.0783
13600,3.9958
13601,4.4522
13602,4.1173
13603,4.1199
13604,4.3697
13605,4.3026
13606,3.4159
13607,4.0377
13608,4.0893
13609,4.7559
13610,4.1806
13611,3.2538
13612,4.0164
13613,4.2274
13614,4.3031
13615,4.2185
13616,4.2430
13617,3.5885
13618,3.7215
13619,4.0968
13620,4.5395
13621,3.2462
13622,2.5755
13623,4.2384
13624,3.7492
13625,3.7446
13626,3.9737
13627,4.6145
13628,4.9177
13629,3.5975
13630,3.3759
13631,4.2666
13632,2.8913
13633,4.2895
13634,2.6954
13635,4.5224
13636,2.7984
13637,4.6566
13638,3.7864
13639,4.2102
13640,4.2051
13641,3.7950
13642,4.6001
13643,3.7565
13644,3.0088
13645,3.9200
13646,4.4449
13647,4.1716
13648,3.6314
13649,2.9945
13650,4.7252
13651,3.7641
13652,4.0955
13653,4.2211
13654,4.6518
13655,3.2907
13656,4.5636
13657,4.6021
13658,4.6227
13659,3.7417
13660,3.4526
13661,4.0951
13662,4.3048
13663,4.3408
13664,4.2994
13665,3.4217
13666,4.2496
13667,4.0258
13668,4.1111
13669,4.2875
13670,3.7662
13671,3.3572
13672,3.9823
13673,3.4607
13674,2.9168
13675,3.7966
13676,2.9927
13677,4.4020
13678,2.8164
13679,4.4060
13680,4.6973
13681,3.7147
13682,3.4516
13683,2.3872
13684,3.2175
13685,4.0556
13686,5.1545
13687,4.1650
13688,3.0342
13689,4.7783
13690,3.8320
13691,3.7240
13692,4.1114
13693,4.4840
13694,4.1614
13695,4.9639
13696,4.7738
13697,3.8345
13698,4.2982
13699,3.1139
13700,3.4632
13701,3.3860
13702,3.5660
13703,4.9638
13704,4.7063
13705,4.6048
13706,3.0100
13707,3.1893
13708,3.0954
13709,3.1310
13710,3.6146
13711,4.8775
13712,3.8265
13713,4.7147
13714,4.2812
13715,2.7569
13716,4.4767
13717,4.8012
13718,4.4597
13719,4.3339
13720,4.2953
13721,4.5625
13722,4.3109
13723,3.5205
13724,4.6694
13725,3.0971
13726,4.5073
13727,4.1466
13728,3.2905
13729,4.2170
13730,3.7558
13731,3.6122
13732,3.5399
13733,3.1926
13734,3.8835
13735,4.5340
13736,4.1891
13737,3.7630
13738,2.9652
13739,3.5472
13740,4.1553
13741,3.7488
13742,3.4354
13743,4.6150
13744,4.5969
13745,4.1709
13746,3.7927
13747,3.5958
13748,4.5260
13749,4.4750
13750,4.4987
13751,4.7576
13752,3.7164
13753,4.8837
13754,4.5646
13755,4.6308
13756,4.2057
13757,2.9838
13758,3.9134
13759,3.0529
13760,2.9440
13761,4.3024
13762,4.5361
13763,4.0693
13764,4.8553
13765,3.8561
13766,3.2162
13767,3.8379
13768,4.6281
13769,2.8651
13770,4.3156
13771,4.2582
13772,3.0155
13773,3.9187
13774,4.5254
13775,4.1775
13776,3.2649
13777,4.5158
13778,3.6225
13779,4.4284
13780,4.4839
13781,2.8962
13782,2.6609
13783,4.5446
13784,4.2511
13785,4.5784
13786,4.3508
13787,4.4877
13788,3.9578
13789,4.3113
13790,4.0767
13791,3.5004
13792,3.9138
13793,3.9627
13794,3.2571
13795,3.0176
13796,3.0883
13797,4.4276
13798,3.3195
13799,3.2534
13800,3.6417
13801,4.4272
13802,4.3059
13803,3.0792
13804,2.7202
13805,3.5878
13806,3.6797
13807,4.1912
13808,3.8081
13809,4.5293
13810,4.8099
13811,4.1844
13812,4.0072
13813,3.6444
13814,4.0401
13815,4.4930
13816,3.7424
13817,3.9540
13818,4.2251
13819,3.6760
13820,4.9354
13821,2.8826
13822,4.5613
13823,3.7345
13824,4.2961
13825,4.4330
13826,4.3380
13827,3.1635
13828,4.4098
13829,2.8738
13830,4.6588
13831,3.8782
13832,3.9011
13833,4.4841
13834,4.5568
13835,4.4608
13836,4.0352
13837,4.5664
13838,3.3255
13839,3.5445
13840,4.1877
13841,3.2603
13842,4.4548
13843,3.3760
13844,4.2658
13845,3.8542
13846,4.2174
13847,4.3510
13848,3.1635
13849,2.9048
13850,4.3086
13851,3.6609
13852,3.3456
13853,3.7022
13854,3.5139
13855,4.4345
13856,3.3262
13857,3.0184
13858,3.6288
13859,2.7175
13860,3.9581
13861,2.8327
13862,3.5768
13863,3.5143
13864,4.5286
13865,4.3288
13866,4.5618
13867,4.3019
13868,2.9222
13869,3.9911
13870,3.5695
13871,4.1675
13872,4.4365
13873,4.5542
13874,4.2624
13875,3.6555
13876,4.7015
13877,3.4121
13878,1.7692
13879,3.7521
13880,4.5375
13881,3.4014
13882,2.8375
13883,4.3242
13884,3.7998
13885,4.0598
13886,4.4777
13887,3.1236
13888,3.4127
13889,4.2808
13890,4.4700
13891,2.9727
13892,4.2021
13893,4.4453
13894,2.8496
13895,4.0264
13896,4.7087
13897,3.7867
13898,3.0115
13899,3.5043
13900,3.4954
13901,4.4923
13902,3.9130
13903,3.2824
13904,3.6684
13905,4.7586
13906,4.5709
13907,3.2427
13908,3.3352
13909,3.8001
13910,3.4058
13911,4.5679
13912,3.2944
13913,3.3190
13914,4.6147
13915,4.3918
13916,4.0275
13917,2.8849
13918,3.8497
13919,3.4623
13920,3.7684
13921,4.0177
13922,3.7435
13923,3.0891
13924,3.8594
13925,4.3503
13926,3.5120
13927,4.0352
13928,4.4824
13929,3.3256
13930,3.2720
13931,3.4288
13932,3.8432
13933,4.5530
13934,4.6618
13935,2.3602
13936,3.1680
13937,3.3300
13938,3.3403
13939,3.7776
13940,3.8011
13941,2.9586
13942,3.6969
13943,2.6797
13944,3.3577
13945,3.6207
13946,3.0823
13947,4.2041
13948,3.8540
13949,4.1789
13950,2.5474
13951,4.6499
13952,4.4519
13953,3.0646
13954,3.9531
13955,2.9694
13956,2.9477
13957,4.8625
13958,3.7634
13959,3.1470
13960,4.1161
13961,4.4882
13962,4.2141
13963,3.3693
13964,4.7418
13965,4.4417
13966,4.4666
13967,4.3737
13968,2.7602
13969,4.6873
13970,4.3270
13971,3.8753
13972,3.4544
13973,3.5865
13974,4.0234
13975,3.7316
13976,3.4762
13977,4.5275
13978,3.0935
13979,3.1332
13980,4.1967
13981,3.4996
13982,4.4183
13983,4.4850
13984,3.5157
13985,3.2158
13986,3.3462
13987,4.1933
13988,3.3924
13989,4.0878
13990,4.4282
13991,3.9534
13992,3.9034
13993,4.3422
13994,3.1193
13995,4.0149
13996,4.0089
13997,4.2787
13998,4.5132
13999,4.0525
14000,2.8901
14001,3.3847
14002,4.4824
14003,4.7502
14004,3.6253
14005,4.0672
14006,4.5873
14007,3.3503
14008,4.4284
14009,4.6267
14010,4.8002
14011,3.2997
14012,4.4239
14013,4.7103
14014,3.9100
14015,3.8658
14016,2.2771
14017,3.4800
14018,4.2805
14019,3.7736
14020,2.9435
14021,3.6730
14022,3.3687
14023,4.2348
14024,4.0397
14025,4.7406
14026,4.2476
14027,3.7681
14028,4.0160
14029,3.1143
14030,2.9308
14031,4.1670
14032,3.8956
14033,4.5573
14034,3.4923
14035,4.4870
14036,3.2754
14037,3.2695
14038,4.1158
14039,3.3822
14040,3.6154
14041,4.5959
14042,3.9024
14043,3.4328
14044,4.2462
14045,3.6658
14046,2.7662
14047,4.0854
14048,4.6436
14049,4.4106
14050,3.4790
14051,4.5738
14052,3.2795
14053,2.5400
14054,4.5058
14055,2.7662
14056,3.7064
14057,4.8248
14058,3.5527
14059,3.4133
14060,4.2119
14061,4.0281
14062,3.9713
14063,4.0902
14064,3.7402
14065,4.1241
14066,4.1234
14067,3.3574
14068,2.8101
14069,4.5534
14070,2.8128
14071,3.3095
14072,2.8748
14073,3.2298
14074,4.2160
14075,4.5475
14076,4.7651
14077,4.4408
14078,4.2245
14079,3.9429
14080,3.1303
14081,4.3162
14082,3.3101
14083,4.6607
14084,4.2880
14085,3.9449
14086,3.0801
14087,3.9913
14088,2.8307
14089,4.3256
14090,4.1809
14091,2.9546
14092,4.7340
14093,3.9674
14094,3.6964
14095,4.9972
14096,4.1311
14097,3.4438
14098,3.5206
14099,4.3315
14100,3.1665
14101,4.3087
14102,4.1431
14103,3.7003
14104,4.5312
14105,3.6245
14106,4.0462
14107,3.7223
14108,3.8320
14109,2.6876
14110,3.7551
14111,2.9100
14112,4.3326
14113,2.5139
14114,4.3123
14115,3.5839
14116,3.3446
14117,4.4153
14118,2.8783
14119,3.4883
14120,4.1436
14121,4.2348
14122,3.9603
14123,2.9994
14124,4.9111
14125,4.4421
14126,4.1727
14127,3.4158
14128,3.1509
14129,3.6292
14130,3.6664
14131,4.0252
14132,2.3433
14133,3.2990
14134,4.6406
14135,4.5143
14136,3.2056
14137,4.4423
14138,3.5377
14139,3.7663
14140,2.6341
14141,5.1968
14142,2.8414
14143,3.6304
14144,4.7037
14145,4.0764
14146,5.3154
14147,4.8251
14148,4.9545
14149,4.4177
14150,4.1722
14151,2.7418
14152,3.9445
14153,3.2056
14154,4.8714
14155,3.1222
14156,4.2559
14157,3.8787
14158,4.3358
14159,2.9817
14160,4.5640
14161,4.7897
14162,3.2820
14163,4.1582
14164,3.7726
14165,2.7290
14166,3.4689
14167,3.8700
14168,4.8912
14169,3.2298
14170,4.5068
14171,4.2616
14172,4.4332
14173,4.4107
14174,3.2546
14175,3.5525
14176,3.3022
14177,4.4677
14178,3.6732
14179,3.6560
14180,2.8133
14181,4.4100
14182,4.2176
14183,3.3628
14184,3.5542
14185,3.3598
14186,4.4853
14187,4.0578
14188,3.3794
14189,3.5180
14190,4.5000
14191,3.5070
14192,3.9785
14193,3.9438
14194,4.6633
14195,3.6988
14196,3.7533
14197,4.8610
14198,4.7787
14199,4.1722
14200,4.5792
14201,4.4763
14202,4.2293
14203,3.2836
14204,4.4430
14205,4.0740
14206,3.9407
14207,3.2564
14208,3.2614
14209,3.5418
14210,4.3921
14211,4.2091
14212,4.8839
14213,4.6138
14214,4.2320
14215,3.2561
14216,3.4044
14217,4.4489
14218,3.7566
14219,3.4242
14220,4.7960
14221,4.3555
14222,3.3078
14223,4.0956
14224,4.5010
14225,2.9503
14226,4.7306
14227,3.9715
14228,3.8893
14229,3.6925
14230,4.2146
14231,4.3894
14232,4.3434
14233,4.3904
14234,3.6088
14235,4.2753
14236,3.2127
14237,3.7456
14238,2.7463
14239,4.4322
14240,4.2566
14241,3.9933
14242,4.3465
14243,3.9629
14244,4.6429
14245,3.5278
14246,3.7591
14247,3.7311
14248,4.1117
14249,4.2254
14250,3.5026
14251,4.3348
14252,4.7024
14253,3.3329
14254,4.2294
14255,2.7245
14256,3.3682
14257,4.1908
14258,3.0406
14259,4.2699
14260,4.0340
14261,4.4655
14262,3.4704
14263,3.2613
14264,3.4732
14265,4.7766
14266,4.2104
14267,4.0203
14268,2.6377
14269,3.6762
14270,4.4537
14271,4.1380
14272,2.9404
14273,3.5589
14274,3.2794
14275,3.5706
14276,3.0435
14277,3.0496
14278,4.3470
14279,3.9708
14280,3.3923
14281,3.2825
14282,4.5662
14283,3.6967
14284,3.4102
14285,4.3380
14286,3.8235
14287,2.9486
14288,3.8509
14289,3.8215
14290,3.1788
14291,4.4286
14292,4.1581
14293,2.8421
14294,3.7855
14295,3.2770
14296,4.2088
14297,3.7803
14298,4.7232
14299,3.8159
14300,4.4077
14301,3.8397
14302,4.4628
14303,2.9292
14304,3.2074
14305,4.0703
14306,3.3256
14307,4.2920
14308,3.1095
14309,3.9347
14310,4.5907
14311,5.0546
14312,3.4946
14313,4.5351
14314,4.3886
14315,4.4123
14316,3.9356
14317,4.2409
14318,2.8729
14319,3.2662
14320,3.8907
14321,4.0050
14322,3.7334
14323,4.6307
14324,2.8355
14325,3.2268
14326,3.6052
14327,4.8952
14328,4.2037
14329,3.6058
14330,3.3754
14331,4.2554
14332,3.8191
14333,3.4200
14334,4.2954
14335,4.5222
14336,3.0798
14337,4.0269
14338,4.9830
14339,3.0650
14340,4.1112
14341,4.7027
14342,4.2920
14343,3.0545
14344,2.4648
14345,3.3942
14346,4.5338
14347,3.6524
14348,4.1503
14349,3.2838
14350,3.3512
14351,3.4607
14352,3.9326
14353,3.2858
14354,4.0339
14355,3.9486
14356,4.6263
14357,2.7409
14358,3.9808
14359,4.2175
14360,4.3107
14361,3.7985
14362,3.7249
14363,3.7629
14364,3.5838
14365,3.6056
14366,4.3211
14367,3.0350
14368,2.6986
14369,3.8415
14370,4.5581
14371,3.5084
14372,3.6348
14373,4.6325
14374,4.3617
14375,4.3476
14376,4.0731
14377,4.1078
14378,3.9035
14379,4.4683
14380,3.0234
14381,4.5667
14382,2.9395
14383,4.3710
14384,4.5993
14385,3.7616
14386,2.9322
14387,2.9974
14388,3.5898
14389,4.5073
14390,4.5758
14391,4.4992
14392,5.2213
14393,4.1669
14394,4.3904
14395,3.7027
14396,4.4835
14397,4.2658
14398,3.2711
14399,3.3759
14400,4.1702
14401,4.9823
14402,3.8596
14403,4.7734
14404,3.4610
14405,4.4833
14406,5.0732
14407,4.1373
14408,4.0502
14409,3.8472
14410,4.0161
14411,4.7047
14412,4.4111
14413,4.0691
14414,4.0621
14415,3.7490
14416,4.7810
14417,4.2500
14418,2.6143
14419,3.1907
14420,4.3598
14421,4.6263
14422,3.6512
14423,3.8120
14424,3.2578
14425,3.1921
14426,4.6021
14427,2.8417
14428,3.2777
14429,2.9475
14430,4.4897
14431,4.1485
14432,3.6776
14433,4.4726
14434,4.7512
14435,3.3198
14436,4.4055
14437,3.2979
14438,4.0043
14439,4.3047
14440,3.5519
14441,3.7930
14442,4.1223
14443,3.0111
14444,3.8418
14445,3.6688
14446,2.7667
14447,3.6731
14448,3.4852
14449,4.4086
14450,3.0153
14451,4.0410
14452,3.7015
14453,3.9455
14454,4.1910
14455,4.3359
14456,4.3660
14457,4.2258
14458,3.9063
14459,4.6936
14460,3.6396
14461,4.8203
14462,4.3280
14463,3.8042
14464,4.6908
14465,3.1301
14466,4.0115
14467,3.9307
14468,4.4952
14469,4.7350
14470,4.0768
14471,3.2835
14472,3.2444
14473,4.5213
14474,4.4792
14475,4.3237
14476,4.5046
14477,4.4296
14478,4.1576
14479,3.6559
14480,3.0166
14481,3.9308
14482,3.5208
14483,3.5836
14484,4.3359
14485,3.5545
14486,4.9415
14487,4.6706
14488,3.2598
14489,2.6009
14490,2.9855
14491,3.3364
14492,4.5545
14493,3.3941
14494,5.0011
14495,3.5656
14496,3.9548
14497,4.1247
14498,4.2044
14499,3.8984
14500,4.4608
14501,2.8533
14502,4.4178
14503,3.4453
14504,4.0795
14505,2.7179
14506,4.1287
14507,4.4967
14508,4.6453
14509,4.0711
14510,4.6499
14511,3.5173
14512,3.9631
14513,2.5691
14514,5.0987
14515,3.7472
14516,4.2658
14517,4.1450
14518,4.2046
14519,4.4198
14520,3.4213
14521,3.5683
14522,4.4449
14523,3.0629
14524,3.7086
14525,3.9594
14526,4.7166
14527,4.0680
14528,3.0024
14529,4.1891
14530,3.5376
14531,3.7418
14532,3.7174
14533,3.6586
14534,4.6731
14535,3.4792
14536,3.9627
14537,4.1332
14538,2.9339
14539,3.2955
14540,4.4363
14541,4.3127
14542,4.2305
14543,4.7844
14544,3.7163
14545,3.3488
14546,3.3268
14547,3.3955
14548,4.6880
14549,4.3062
14550,4.4550
14551,4.5384
14552,3.8510
14553,4.1661
14554,4.1562
14555,4.1284
14556,3.6915
14557,2.9875
14558,4.2115
14559,3.1999
14560,2.7470
14561,3.9151
14562,4.9081
14563,4.5352
14564,4.5326
14565,4.1384
14566,3.2742
14567,4.8202
14568,3.4551
14569,3.9313
14570,4.5162
14571,4.3303
14572,3.6082
14573,4.0106
14574,3.8792
14575,2.9779
14576,4.5555
14577,4.3779
14578,3.2555
14579,4.3624
14580,3.9275
14581,3.2965
14582,3.7371
14583,3.6525
14584,2.5553
14585,4.4973
14586,4.3018
14587,4.8053
14588,4.1495
14589,4.0835
14590,3.5962
14591,4.4390
14592,3.8522
14593,4.0099
14594,3.8348
14595,3.3594
14596,4.4741
14597,4.7395
14598,4.3708
14599,2.5538
14600,3.0604
14601,4.8019
14602,2.8164
14603,3.4655
14604,3.7230
14605,3.9738
14606,4.2739
14607,3.9361
14608,4.0132
14609,4.3577
14610,4.0503
14611,4.3649
14612,2.5090
14613,3.8055
14614,3.8401
14615,4.4871
14616,2.8385
14617,4.8628
14618,4.5924
14619,3.6989
14620,4.8071
14621,2.7843
14622,2.8579
14623,4.2631
14624,3.8368
14625,4.9252
14626,3.2375
14627,2.9993
14628,4.4410
14629,3.1908
14630,3.6274
14631,3.8668
14632,3.4722
14633,4.0389
14634,4.8333
14635,3.6436
14636,4.5193
14637,2.7823
14638,3.9381
14639,4.3796
14640,3.1423
14641,4.0480
14642,4.0257
14643,4.1089
14644,3.1109
14645,3.6085
14646,3.5923
14647,4.1936
14648,3.5967
14649,3.3491
14650,4.7515
14651,4.8743
14652,3.8231
14653,3.2525
14654,2.9413
14655,3.8426
14656,3.2371
14657,4.2179
14658,3.7117
14659,4.1752
14660,3.1856
14661,3.2679
14662,4.3147
14663,3.7819
14664,4.7727
14665,4.5842
14666,4.8121
14667,3.9205
14668,3.7195
14669,3.4005
14670,2.8895
14671,4.4415
14672,3.7825
14673,3.8699
14674,4.8518
14675,4.6691
14676,4.0165
14677,3.0702
14678,3.2742
14679,4.0749
14680,4.6735
14681,3.1503
14682,3.5612
14683,3.0051
14684,4.4395
14685,3.5077
14686,4.5332
14687,3.2535
14688,3.6517
14689,3.8170
14690,3.4965
14691,3.2763
14692,4.4279
14693,5.0476
14694,3.0460
14695,3.5743
14696,3.8503
14697,3.9596
14698,4.2964
14699,3.3962
14700,2.9867
14701,4.0050
14702,3.3637
14703,3.7748
14704,4.4036
14705,3.4605
14706,4.3488
14707,3.8376
14708,4.5187
14709,4.0214
14710,3.3128
14711,3.8135
14712,4.7041
14713,4.0370
14714,3.1058
14715,3.9694
14716,2.8965
14717,3.6474
14718,4.1748
14719,4.7663
14720,3.2791
14721,3.1285
14722,4.5647
14723,3.8759
14724,3.9348
14725,3.1390
14726,4.6703
14727,4.6113
14728,4.3797
14729,4.4879
14730,4.8270
14731,4.4436
14732,3.1944
14733,4.2387
14734,4.5655
14735,3.9388
14736,3.7519
14737,4.2546
14738,3.3895
14739,2.4507
14740,4.7570
14741,4.0347
14742,4.5545
14743,2.9800
14744,3.8817
14745,2.9559
14746,3.3475
14747,4.7406
14748,4.0864
14749,3.5124
14750,2.3568
14751,3.1333
14752,3.4302
14753,3.4825
14754,3.8704
14755,4.1944
14756,3.0189
14757,3.0238
14758,2.5949
14759,4.2132
14760,3.6810
14761,3.7729
14762,4.4488
14763,3.5508
14764,3.6898
14765,4.1627
14766,4.5508
14767,4.1341
14768,2.8705
14769,4.3397
14770,3.5202
14771,3.1739
14772,4.3657
14773,3.7669
14774,4.1979
14775,3.5811
14776,4.2088
14777,4.2486
14778,4.7123
14779,4.5533
14780,4.6786
14781,4.2602
14782,3.3613
14783,3.0886
14784,3.7206
14785,4.5428
14786,4.3654
14787,3.4412
14788,4.4747
14789,3.5512
14790,4.5690
14791,2.5254
14792,3.1052
14793,4.3554
14794,4.3649
14795,3.8938
14796,4.8392
14797,3.5677
14798,3.6870
14799,4.1284
14800,4.8547
14801,3.3607
14802,4.4013
14803,4.2159
14804,4.1932
14805,3.0849
14806,2.6392
14807,3.7528
14808,3.6303
14809,2.9552
14810,4.1372
14811,4.1761
14812,4.5547
14813,3.4585
14814,3.4754
14815,4.0937
14816,2.6262
14817,4.5444
14818,3.1171
14819,4.1874
14820,4.6078
14821,4.0380
14822,2.8731
14823,3.7064
14824,2.8841
14825,3.3347
14826,3.3894
14827,3.4303
14828,4.3062
14829,3.3315
14830,4.1285
14831,3.6744
14832,4.5176
14833,4.5309
14834,3.6762
14835,3.3903
14836,3.9610
14837,3.7202
14838,4.2283
14839,4.0922
14840,4.4841
14841,3.9537
14842,3.9774
14843,3.8209
14844,4.6839
14845,3.4655
14846,3.8677
14847,3.8888
14848,3.5982
14849,3.1702
14850,3.8346
14851,4.4783
14852,3.4951
14853,4.6465
14854,4.4335
14855,3.8886
14856,4.4902
14857,3.7045
14858,4.2549
14859,3.5011
14860,4.5433
14861,3.9717
14862,4.0458
14863,4.5140
14864,4.0836
14865,3.2671
14866,4.6422
14867,3.3456
14868,4.7208
14869,3.7297
14870,4.1525
14871,3.1633
14872,4.8671
14873,4.2090
14874,3.7332
14875,3.9401
14876,3.2711
14877,4.1459
14878,3.3202
14879,4.5554
14880,4.4263
14881,3.8994
14882,4.1537
14883,4.1257
14884,4.4734
14885,3.5913
14886,4.4048
14887,3.3989
14888,3.7796
14889,4.7009
14890,4.5081
14891,3.5612
14892,4.1659
14893,4.5629
14894,4.4060
14895,3.0286
14896,2.6013
14897,3.7181
14898,4.3505
14899,3.7877
14900,3.8099
14901,3.3460
14902,3.1371
14903,4.6487
14904,3.5700
14905,3.5782
14906,4.5840
14907,3.6139
14908,4.0491
14909,2.7054
14910,4.4824
14911,3.7021
14912,4.3405
14913,3.5928
14914,3.8017
14915,4.6627
14916,3.4616
14917,4.4837
14918,3.6244
14919,4.2948
14920,3.8206
14921,4.3340
14922,3.9666
14923,2.4320
14924,3.6669
14925,4.2310
14926,4.5399
14927,3.8145
14928,3.7301
14929,3.2795
14930,3.5532
14931,2.9056
14932,3.6342
14933,4.4923
14934,4.4852
14935,4.4998
14936,4.6132
14937,3.4580
14938,3.1986
14939,4.6691
14940,3.8066
14941,4.0296
14942,4.1083
14943,4.1702
14944,3.6468
14945,3.3063
14946,4.5084
14947,3.8005
14948,4.7799
14949,4.1432
14950,4.4927
14951,3.3598
14952,4.1306
14953,4.2619
14954,4.6975
14955,4.1304
14956,3.3005
14957,3.5021
14958,4.0531
14959,4.6552
14960,3.4021
14961,4.8350
14962,3.1631
14963,2.5565
14964,2.6182
14965,4.8818
14966,3.9644
14967,4.7179
14968,3.1539
14969,3.2631
14970,5.0915
14971,4.1809
14972,4.9753
14973,3.0251
14974,3.6613
14975,3.8847
14976,4.1767
14977,3.2592
14978,3.4659
14979,4.3384
14980,2.8504
14981,3.6990
14982,2.9177
14983,3.9538
14984,3.4552
14985,4.4022
14986,3.8209
14987,4.0803
14988,4.4990
14989,3.1681
14990,3.7482
14991,4.3497
14992,4.3302
14993,4.8095
14994,3.4404
14995,4.2131
14996,3.0724
14997,3.7817
14998,3.5814
14999,2.6549
15000,4.0917
15001,4.7010
15002,3.2876
15003,4.2404
15004,3.7870
15005,3.2329
15006,4.1981
15007,3.4166
15008,4.6730
15009,4.6637
15010,4.2381
15011,4.3034
15012,3.5930
15013,3.5652
15014,4.2929
15015,4.3307
15016,3.8542
15017,4.0973
15018,3.9694
15019,2.6486
15020,4.2655
15021,4.3864
15022,3.6123
15023,3.6974
15024,3.4921
15025,3.6164
15026,2.5979
15027,4.3148
15028,4.6175
15029,4.3951
15030,4.0813
15031,4.2888
15032,3.2601
15033,4.1958
15034,3.1919
15035,4.4410
15036,2.9609
15037,4.5855
15038,3.1914
15039,2.9265
15040,3.5441
15041,2.9951
15042,4.3386
15043,3.8621
15044,4.0224
15045,4.4239
15046,4.2617
15047,4.4331
15048,4.4384
15049,3.6880
15050,3.6902
15051,3.8843
15052,4.4901
15053,4.1218
15054,4.3830
15055,4.0343
15056,4.4772
15057,4.3967
15058,4.6235
15059,4.5718
15060,2.8923
15061,4.5225
15062,4.2787
15063,4.4914
15064,3.2791
15065,3.5769
15066,4.5449
15067,3.0989
15068,3.7134
15069,4.6250
15070,3.8061
15071,4.3425
15072,4.3874
15073,3.8956
15074,4.5029
15075,3.7560
15076,4.4787
15077,4.5397
15078,4.8067
15079,4.3333
15080,3.7564
15081,4.8676
15082,3.6457
15083,3.7072
15084,4.6849
15085,2.7653
15086,2.5345
15087,3.8200
15088,4.7140
15089,4.9108
15090,4.2284
15091,4.5319
15092,4.1807
15093,4.4997
15094,4.5713
15095,3.5988
15096,3.0247
15097,4.1676
15098,4.2501
15099,4.2388
15100,4.2479
15101,4.8105
15102,4.3513
15103,4.5255
15104,3.1730
15105,3.9811
15106,4.4202
15107,3.9043
15108,2.8239
15109,4.1943
15110,3.3554
15111,3.5097
15112,4.6656
15113,3.8213
15114,4.1317
15115,3.2154
15116,4.2435
15117,3.3841
15118,3.6534
15119,4.4023
15120,3.3060
15121,4.1518
15122,4.5749
15123,2.9487
15124,4.3022
15125,3.6195
15126,3.5299
15127,3.5730
15128,4.0622
15129,3.2932
15130,4.5768
15131,2.8549
15132,3.1746
15133,3.8462
15134,3.9909
15135,3.3440
15136,3.9359
15137,4.1247
15138,4.3599
15139,4.6407
15140,4.3726
15141,3.2650
15142,3.8091
15143,3.8637
15144,3.6122
15145,4.7141
15146,4.1120
15147,2.9176
15148,3.7211
15149,4.4649
15150,4.3146
15151,4.1500
15152,4.4865
15153,4.3031
15154,3.9876
15155,3.2325
15156,3.7641
15157,3.5453
15158,3.6542
15159,4.0034
15160,3.9277
15161,4.2788
15162,2.4387
15163,4.6287
15164,4.1949
15165,4.4148
15166,4.6346
15167,3.7608
15168,3.9544
15169,4.2807
15170,3.4000
15171,3.7669
15172,4.2383
15173,3.6894
15174,3.7311
15175,4.3090
15176,3.4293
15177,3.1729
15178,4.8418
15179,4.2678
15180,3.9515
15181,4.1915
15182,4.4333
15183,4.3220
15184,3.9051
15185,4.6916
15186,4.3455
15187,2.9667
15188,2.8723
15189,3.9551
15190,4.3352
15191,4.1899
15192,4.3989
15193,3.7240
15194,4.7263
15195,3.8984
15196,4.4349
15197,4.3720
15198,4.4380
15199,3.4508
15200,3.9069
15201,3.0389
15202,2.7519
15203,3.9893
15204,3.4832
15205,4.3868
15206,3.6609
15207,4.3121
15208,3.5070
15209,3.4827
15210,4.4090
15211,4.4181
15212,3.3614
15213,4.2264
15214,3.7910
15215,4.3343
15216,4.0328
15217,3.6175
15218,2.9885
15219,3.4360
15220,3.4407
15221,5.0737
15222,4.8093
15223,4.1411
15224,2.7245
15225,4.0989
15226,2.6741
15227,3.4799
15228,4.3555
15229,3.7072
15230,4.1558
15231,4.5276
15232,3.8139
15233,4.0828
15234,3.8125
15235,4.0177
15236,3.3370
15237,4.5414
15238,2.7494
15239,4.1334
15240,3.0512
15241,3.8097
15242,3.7380
15243,3.0241
15244,2.5165
15245,3.5586
15246,4.0227
15247,4.4585
15248,4.5488
15249,4.1158
15250,4.6383
15251,3.5307
15252,4.4314
15253,4.3319
15254,4.4146
15255,4.3571
15256,3.3085
15257,3.3586
15258,4.4554
15259,3.5653
15260,4.3707
15261,3.7241
15262,3.5998
15263,4.1686
15264,4.6281
15265,4.7110
15266,3.8394
15267,4.3039
15268,4.7003
15269,2.8366
15270,4.1091
15271,2.9297
15272,3.4025
15273,2.7585
15274,3.2970
15275,4.4601
15276,3.9263
15277,4.5040
15278,4.5734
15279,4.5196
15280,2.9434
15281,4.3215
15282,4.1363
15283,2.9163
15284,3.2076
15285,2.9081
15286,4.5933
15287,3.2694
15288,4.3114
15289,3.4590
15290,4.0577
15291,4.3952
15292,3.7484
15293,4.5196
15294,4.4803
15295,3.4260
15296,3.7345
15297,4.4442
15298,4.0978
15299,3.2206
15300,4.3220
15301,4.7072
15302,3.7241
15303,4.7706
15304,4.3707
15305,3.9488
15306,3.6994
15307,4.0713
15308,4.2476
15309,4.8034
15310,3.5148
15311,4.1694
15312,4.4568
15313,3.8444
15314,3.6908
15315,4.5960
15316,4.3894
15317,4.6209
15318,2.3198
15319,4.1993
15320,3.9074
15321,4.4645
15322,4.2430
15323,4.3237
15324,4.0017
15325,4.1419
15326,4.3184
15327,4.2357
15328,3.2230
15329,4.6222
15330,4.5651
15331,3.5359
15332,3.8950
15333,4.4410
15334,3.0004
15335,4.0373
15336,4.5682
15337,4.9212
15338,3.7413
15339,4.5878
15340,4.0672
15341,3.6380
15342,3.3075
15343,4.8267
15344,3.8248
15345,4.1707
15346,3.7978
15347,3.8329
15348,4.3829
15349,4.1388
15350,4.1084
15351,3.9744
15352,3.2168
15353,2.4481
15354,3.1555
15355,3.1943
15356,3.7966
15357,3.2268
15358,4.5174
15359,4.1013
15360,3.9136
15361,4.4606
15362,4.1564
15363,5.0387
15364,4.6648
15365,3.7904
15366,3.1595
15367,3.2140
15368,4.4795
15369,4.3760
15370,3.0029
15371,4.2064
15372,4.6471
15373,4.7898
15374,3.3694
15375,2.6993
15376,4.3560
15377,4.3776
15378,3.2027
15379,4.5014
15380,2.5438
15381,2.7965
15382,2.8006
15383,4.3067
15384,4.3105
15385,4.1892
15386,4.6801
15387,4.5611
15388,4.6551
15389,4.1761
15390,3.2142
15391,3.2225
15392,3.7725
15393,4.5000
15394,4.4843
15395,3.0601
15396,4.8277
15397,4.4198
15398,4.4143
15399,4.0313
15400,3.0550
15401,4.2453
15402,3.8234
15403,2.6308
15404,4.5263
15405,4.4418
15406,4.5402
15407,3.6637
15408,4.2246
15409,3.7118
15410,4.3322
15411,2.8378
15412,4.6308
15413,3.3901
15414,3.9059
15415,4.4808
15416,3.8470
15417,3.7688
15418,2.2982
15419,4.6193
15420,4.2634
15421,3.8723
15422,3.2656
15423,3.3161
15424,4.1468
15425,3.3347
15426,3.3629
15427,3.7484
15428,4.4071
15429,2.9265
15430,4.4007
15431,4.3374
15432,2.4122
15433,4.2708
15434,4.2347
15435,3.6362
15436,3.2801
15437,4.0374
15438,4.0270
15439,3.4313
15440,4.6444
15441,3.2100
15442,4.4827
15443,3.2555
15444,3.5997
15445,4.5791
15446,4.9063
15447,3.6696
15448,4.2830
15449,3.8393
15450,2.5199
15451,3.6307
15452,3.0180
15453,4.2703
15454,3.4784
15455,3.1332
15456,4.2714
15457,3.1348
15458,2.3232
15459,4.2824
15460,4.3140
15461,3.1495
15462,4.3882
15463,4.5431
15464,3.4241
15465,2.6830
15466,3.2895
15467,4.5567
15468,3.9215
15469,4.4882
15470,4.7827
15471,3.4507
15472,3.9849
15473,3.8151
15474,3.9472
15475,3.8708
15476,4.1921
15477,4.6017
15478,4.1782
15479,4.3295
15480,3.2403
15481,3.7201
15482,3.7366
15483,4.4290
15484,4.3157
15485,3.1309
15486,4.1367
15487,3.5725
15488,4.2856
15489,4.2514
15490,3.9344
15491,4.1625
15492,4.5790
15493,4.8241
15494,4.2218
15495,4.6694
15496,2.8487
15497,4.3328
15498,4.4119
15499,4.1789
15500,2.6688
15501,4.1961
15502,4.9418
15503,3.8906
15504,4.4269
15505,4.0164
15506,3.9861
15507,4.2512
15508,4.0390
15509,4.1183
15510,3.1213
15511,3.4404
15512,4.4815
15513,4.9538
15514,4.1922
15515,4.4731
15516,4.6955
15517,4.4156
15518,4.3914
15519,4.5989
15520,4.2241
15521,4.4428
15522,3.5479
15523,4.6135
15524,4.5232
15525,4.3983
15526,2.9539
15527,4.0928
15528,4.6196
15529,3.5683
15530,4.1309
15531,4.0379
15532,3.6895
15533,4.3005
15534,3.2760
15535,4.7486
15536,4.0506
15537,4.2043
15538,2.7155
15539,3.9935
15540,4.0259
15541,4.4060
15542,3.8322
15543,4.8451
15544,2.9823
15545,4.7747
15546,4.3583
15547,4.0896
15548,4.3904
15549,4.0964
15550,4.6274
15551,3.2778
15552,4.3263
15553,4.4485
15554,4.2760
15555,4.6878
15556,4.2353
15557,2.5303
15558,3.7578
15559,3.4162
15560,2.7828
15561,3.7048
15562,3.5449
15563,4.2260
15564,3.2632
15565,2.9866
15566,4.3315
15567,4.3502
15568,4.8852
15569,4.1756
15570,4.0346
15571,1.8801
15572,3.8614
15573,2.9984
15574,4.1115
15575,4.5307
15576,4.5897
15577,3.3791
15578,3.3387
15579,3.6328
15580,4.3378
15581,4.3813
15582,3.9402
15583,2.5141
15584,3.4380
15585,5.0199
15586,2.9333
15587,4.3868
15588,4.6633
15589,3.6840
15590,3.4055
15591,4.7299
15592,4.2898
15593,4.6760
15594,4.6195
15595,3.4181
15596,1.9533
15597,4.1555
15598,4.8774
15599,3.5606
15600,3.7300
15601,4.3740
15602,4.4356
15603,2.9486
15604,4.8127
15605,4.3684
15606,4.1996
15607,3.6686
15608,4.0861
15609,4.2054
15610,3.3077
15611,3.4370
15612,4.1622
15613,3.4780
15614,3.0062
15615,2.8708
15616,3.9263
15617,4.0278
15618,3.7301
15619,4.8701
15620,4.2253
15621,4.4258
15622,3.2120
15623,3.2895
15624,3.8209
15625,4.3825
15626,4.4073
15627,3.6669
15628,4.4477
15629,4.5651
15630,4.3931
15631,3.9479
15632,2.7392
15633,3.5583
15634,3.7719
15635,3.8965
15636,3.8005
15637,3.6086
15638,3.2751
15639,2.7191
15640,3.9370
15641,2.1758
15642,4.1178
15643,4.5305
15644,3.6264
15645,2.4688
15646,3.5270
15647,4.4092
15648,3.2577
15649,4.2407
15650,2.8851
15651,3.4298
15652,3.3578
15653,3.8128
15654,3.4596
15655,3.8011
15656,2.5684
15657,2.8186
15658,2.7129
15659,4.2640
15660,4.1209
15661,3.1143
15662,4.0600
15663,4.0060
15664,3.7873
15665,2.7674
15666,3.6923
15667,4.5020
15668,2.9617
15669,3.3864
15670,3.4176
15671,4.6066
15672,3.6140
15673,4.3016
15674,3.4064
15675,4.4150
15676,3.4482
15677,3.7036
15678,4.3589
15679,4.0365
15680,3.9252
15681,4.0114
15682,2.5807
15683,4.4786
15684,2.7103
15685,4.2359
15686,4.5293
15687,4.4932
15688,3.7467
15689,4.4196
15690,3.3551
15691,3.6617
15692,3.7028
15693,3.6460
15694,3.2427
15695,4.8910
15696,4.1611
15697,4.5205
15698,3.7632
15699,3.8545
15700,4.3957
15701,3.5838
15702,3.3717
15703,4.0652
15704,4.1857
15705,3.6361
15706,4.1205
15707,4.4091
15708,4.5445
15709,3.7273
15710,3.7011
15711,3.8762
15712,3.5081
15713,4.5409
15714,3.2278
15715,3.6980
15716,2.8664
15717,3.5430
15718,3.9414
15719,3.6019
15720,4.7395
15721,3.7981
15722,3.0651
15723,4.0906
15724,4.0863
15725,3.0963
15726,4.4289
15727,3.9409
15728,4.7241
15729,4.1753
15730,4.7562
15731,4.6796
15732,3.5340
15733,2.9380
15734,3.5983
15735,4.4452
15736,4.6433
15737,3.1581
15738,4.9084
15739,3.6098
15740,4.6452
15741,2.9462
15742,4.4737
15743,3.1965
15744,4.8919
15745,4.2300
15746,3.9763
15747,4.9954
15748,4.7526
15749,4.3349
15750,2.5268
15751,2.5358
15752,4.2985
15753,4.0220
15754,4.4455
15755,4.1378
15756,4.6366
15757,3.4442
15758,3.0216
15759,3.1986
15760,3.1422
15761,4.4467
15762,3.4426
15763,4.8566
15764,3.6598
15765,4.2594
15766,3.6830
15767,4.6249
15768,3.9754
15769,3.6112
15770,4.1007
15771,4.5200
15772,4.5544
15773,3.2918
15774,2.7260
15775,4.5520
15776,3.1072
15777,3.3891
15778,3.9397
15779,3.9224
15780,4.8416
15781,4.5258
15782,4.3024
15783,4.5142
15784,3.2348
15785,3.3574
15786,4.6141
15787,4.0733
15788,3.7965
15789,4.0803
15790,4.1243
15791,4.1608
15792,4.3724
15793,3.9378
15794,3.4890
15795,4.1579
15796,3.1012
15797,4.6572
15798,3.9349
15799,3.9829
15800,4.1962
15801,4.3917
15802,4.0973
15803,4.6590
15804,3.8721
15805,4.5834
15806,3.8821
15807,4.5351
15808,4.1023
15809,4.4222
15810,4.2698
15811,4.3174
15812,3.6389
15813,4.2406
15814,3.8870
15815,3.3756
15816,4.2656
15817,3.4329
15818,3.7096
15819,3.6095
15820,2.7422
15821,3.2512
15822,3.9912
15823,3.7573
15824,2.9657
15825,2.8039
15826,4.1062
15827,4.3371
15828,3.5390
15829,4.3724
15830,3.6518
15831,3.7395
15832,3.8425
15833,4.3102
15834,4.5069
15835,3.7560
15836,4.3931
15837,4.4272
15838,4.4562
15839,4.1213
15840,4.5240
15841,2.9603
15842,3.7634
15843,4.7825
15844,4.3084
15845,4.6113
15846,3.9920
15847,2.9149
15848,3.9087
15849,3.5148
15850,4.0857
15851,4.6342
15852,4.1228
15853,4.5931
15854,3.7488
15855,4.4080
15856,3.0752
15857,3.3831
15858,4.1491
15859,4.4331
15860,3.0831
15861,2.6720
15862,3.4104
15863,3.3759
15864,4.3823
15865,3.4629
15866,4.0640
15867,3.8433
15868,3.3473
15869,2.5175
15870,4.3165
15871,3.3335
15872,4.6233
15873,4.4068
15874,4.9375
15875,4.3664
15876,4.4706
15877,3.8197
15878,3.4867
15879,3.0553
15880,4.0934
15881,2.7711
15882,3.0731
15883,3.8067
15884,4.3387
15885,4.1022
15886,4.5495
15887,3.5106
15888,3.7538
15889,3.0455
15890,3.0409
15891,2.4427
15892,3.0605
15893,3.3312
15894,4.3044
15895,4.7062
15896,3.5083
15897,4.7949
15898,3.8802
15899,3.6438
15900,3.4928
15901,3.3561
15902,4.5710
15903,4.5534
15904,3.1039
15905,4.4924
15906,4.3654
15907,3.6802
15908,4.1701
15909,4.8054
15910,4.2412
15911,4.4696
15912,3.1738
15913,4.3747
15914,3.1191
15915,3.4418
15916,3.7501
15917,3.9563
15918,2.8208
15919,3.1134
15920,3.7466
15921,2.8797
15922,3.6677
15923,3.9452
15924,3.3877
15925,3.2977
15926,2.2135
15927,2.9559
15928,3.4513
15929,4.2476
15930,3.9143
15931,4.3590
15932,3.9319
15933,3.2808
15934,2.7069
15935,2.8598
15936,3.1964
15937,4.4450
15938,4.3325
15939,4.2107
15940,4.3344
15941,3.6939
15942,3.7033
15943,3.7162
15944,4.0612
15945,4.5333
15946,4.4253
15947,4.3368
15948,3.3636
15949,4.5788
15950,3.4296
15951,4.4471
15952,4.1577
15953,3.9279
15954,4.0074
15955,3.3610
15956,4.4641
15957,3.1056
15958,3.9692
15959,3.1787
15960,4.8608
15961,4.4915
15962,4.2507
15963,3.9640
15964,3.7707
15965,4.4157
15966,2.8069
15967,3.6412
15968,3.5747
15969,3.7906
15970,4.1846
15971,4.1914
15972,3.5381
15973,2.7147
15974,4.1932
15975,3.7518
15976,4.5642
15977,4.4384
15978,3.4302
15979,4.5357
15980,4.2022
15981,2.9458
15982,3.6797
15983,3.9838
15984,3.9676
15985,5.2143
15986,2.9777
15987,4.3848
15988,3.1302
15989,3.1702
15990,2.9804
15991,4.4697
15992,3.4462
15993,3.4918
15994,4.2901
15995,4.2625
15996,3.7109
15997,4.4761
15998,4.6073
15999,2.1124
16000,4.2732
16001,4.1597
16002,4.0456
16003,3.1274
16004,3.3439
16005,3.5825
16006,3.3370
16007,2.6777
16008,4.2121
16009,3.4963
16010,2.8867
16011,4.0051
16012,2.7961
16013,3.3192
16014,4.1151
16015,2.8355
16016,4.0256
16017,3.2005
16018,4.4697
16019,4.4217
16020,4.5031
16021,4.6856
16022,3.9762
16023,4.2102
16024,4.1600
16025,2.9563
16026,4.5470
16027,3.5522
16028,4.0999
16029,3.0225
16030,3.6867
16031,3.7392
16032,3.8757
16033,3.3803
16034,4.6396
16035,4.8493
16036,3.5266
16037,4.5204
16038,4.6266
16039,3.9519
16040,4.2967
16041,3.4651
16042,4.6515
16043,4.2098
16044,3.5139
16045,4.5471
16046,4.2917
16047,5.0522
16048,3.3448
16049,4.1310
16050,3.4790
16051,4.1180
16052,3.7474
16053,3.7886
16054,3.9688
16055,3.7463
16056,4.3822
16057,4.3482
16058,4.3418
16059,3.5022
16060,2.5959
16061,3.5705
16062,3.0604
16063,3.5005
16064,4.6523
16065,4.7122
16066,4.1649
16067,4.4753
16068,3.9766
16069,4.0746
16070,4.5528
16071,4.8115
16072,4.2151
16073,3.2259
16074,3.6975
16075,4.1392
16076,4.6981
16077,3.3709
16078,4.5602
16079,4.4158
16080,3.9512
16081,3.6053
16082,4.2724
16083,2.5474
16084,3.8690
16085,4.0965
16086,4.2823
16087,4.1050
16088,3.2654
16089,2.9692
16090,4.1418
16091,3.6616
16092,4.1627
16093,4.6102
16094,4.0544
16095,4.4757
16096,4.4673
16097,3.8849
16098,3.3896
16099,3.3331
16100,3.5535
16101,4.2857
16102,3.0158
16103,3.4985
16104,3.5647
16105,3.8525
16106,3.6519
16107,3.5601
16108,4.5175
16109,2.8643
16110,3.9789
16111,4.0193
16112,3.9455
16113,4.4895
16114,2.6135
16115,2.7361
16116,4.7258
16117,3.6478
16118,2.6961
16119,4.4538
16120,4.4691
16121,3.8268
16122,4.5261
16123,3.1468
16124,3.5093
16125,4.0898
16126,3.7127
16127,4.2905
16128,2.3510
16129,4.0223
16130,3.6039
16131,4.1867
16132,4.7487
16133,3.5045
16134,3.1724
16135,4.0070
16136,4.5737
16137,3.1775
16138,4.8066
16139,4.4413
16140,3.8574
16141,2.6120
16142,4.4356
16143,4.5665
16144,2.8565
16145,4.4035
16146,4.9201
16147,4.3347
16148,3.5661
16149,3.0385
16150,3.9925
16151,3.6288
16152,2.7984
16153,3.5616
16154,3.5807
16155,3.1293
16156,3.2336
16157,4.5306
16158,4.4732
16159,4.8978
16160,3.1508
16161,4.5263
16162,4.6877
16163,4.0205
16164,3.9676
16165,3.6184
16166,3.8635
16167,4.2484
16168,3.0860
16169,3.6604
16170,4.5501
16171,2.8317
16172,4.1452
16173,4.3108
16174,3.9414
16175,4.5375
16176,4.1900
16177,3.5491
16178,2.9866
16179,3.5002
16180,4.3997
16181,4.4447
16182,4.7178
16183,4.2557
16184,4.2207
16185,3.6234
16186,2.8652
16187,4.1422
16188,2.3489
16189,4.5347
16190,4.2121
16191,2.8711
16192,3.9394
16193,4.2666
16194,3.4106
16195,3.4031
16196,3.3695
16197,3.6133
16198,4.4205
16199,3.7390
16200,4.6033
16201,3.9988
16202,4.2851
16203,3.4314
16204,4.2398
16205,3.4531
16206,3.8005
16207,2.8691
16208,2.9902
16209,3.6578
16210,3.0474
16211,3.8866
16212,4.8489
16213,3.4810
16214,4.3627
16215,3.7250
16216,4.7433
16217,4.2651
16218,4.2197
16219,4.3323
16220,4.8430
16221,4.1348
16222,3.8469
16223,3.5941
16224,4.4020
16225,4.2480
16226,3.9564
16227,3.2295
16228,4.5469
16229,4.6690
16230,3.1791
16231,3.8251
16232,4.7510
16233,4.3767
16234,4.6940
16235,3.1551
16236,2.9610
16237,4.5046
16238,4.1954
16239,4.6599
16240,3.8912
16241,3.5440
16242,2.8922
16243,4.5964
16244,4.6434
16245,3.3674
16246,3.9971
16247,3.5520
16248,2.7381
16249,4.2494
16250,3.4081
16251,4.0370
16252,2.9019
16253,4.6479
16254,2.8388
16255,4.6593
16256,2.8441
16257,2.9689
16258,3.5342
16259,3.3045
16260,4.3845
16261,4.3874
16262,3.3175
16263,3.4998
16264,3.3123
16265,4.4789
16266,4.5845
16267,3.0985
16268,3.4913
16269,3.1779
16270,3.1911
16271,3.4892
16272,3.9578
16273,3.4930
16274,3.0356
16275,4.0073
16276,4.2633
16277,4.4009
16278,4.7745
16279,3.9849
16280,3.5560
16281,3.1125
16282,3.6294
16283,4.0949
16284,3.9810
16285,4.2634
16286,4.5723
16287,4.1733
16288,4.2321
16289,3.1592
16290,3.0245
16291,4.5674
16292,4.1393
16293,3.1278
16294,2.8673
16295,4.1606
16296,4.2886
16297,4.9209
16298,4.1930
16299,4.5285
16300,2.7245
16301,4.4904
16302,4.4483
16303,3.1469
16304,3.3014
16305,3.1240
16306,3.5064
16307,2.9340
16308,1.9901
16309,3.1325
16310,3.1138
16311,4.7104
16312,4.6186
16313,3.3555
16314,3.1916
16315,3.9931
16316,4.4224
16317,3.9726
16318,4.7385
16319,3.7234
16320,3.0518
16321,4.1007
16322,4.3495
16323,4.3989
16324,4.1449
16325,2.9240
16326,2.4628
16327,4.0358
16328,4.4708
16329,4.2846
16330,4.4464
16331,4.0596
16332,3.4336
16333,4.0921
16334,3.1724
16335,3.9211
16336,4.1353
16337,4.7515
16338,2.8939
16339,2.9296
16340,4.4076
16341,4.0183
16342,3.9581
16343,3.3489
16344,4.1096
16345,4.2534
16346,4.2576
16347,3.7382
16348,3.1360
16349,3.9651
16350,3.9483
16351,4.1252
16352,3.4741
16353,4.5016
16354,4.0904
16355,2.7559
16356,4.1287
16357,2.5998
16358,3.4326
16359,4.0822
16360,4.4577
16361,2.6084
16362,4.4066
16363,3.2645
16364,3.7711
16365,3.5774
16366,4.4952
16367,3.2831
16368,4.3973
16369,3.0691
16370,4.4007
16371,4.2496
16372,4.0435
16373,3.0068
16374,4.4643
16375,3.8146
16376,4.2262
16377,4.5237
16378,4.4288
16379,3.4342
16380,3.0340
16381,4.7435
16382,4.0663
16383,3.4385
16384,3.6143
16385,4.0688
16386,2.3602
16387,3.8062
16388,4.0547
16389,3.1772
16390,4.5798
16391,4.1107
16392,4.5077
16393,4.2060
16394,3.0325
16395,2.5132
16396,2.9767
16397,3.1249
16398,3.2929
16399,4.9570
16400,2.6019
16401,4.6207
16402,3.0297
16403,3.2628
16404,3.8754
16405,4.7449
16406,3.4427
16407,4.5674
16408,4.1667
16409,3.0792
16410,3.3317
16411,4.5142
16412,2.6464
16413,4.1186
16414,2.4480
16415,4.6396
16416,4.5945
16417,4.2375
16418,4.4247
16419,2.9298
16420,4.3558
16421,2.6205
16422,3.8303
16423,3.4787
16424,4.5908
16425,4.4053
16426,3.1275
16427,4.0172
16428,2.1891
16429,3.9590
16430,4.4614
16431,3.2613
16432,4.4291
16433,4.3680
16434,4.6029
16435,3.1982
16436,3.0526
16437,4.6692
16438,3.4204
16439,4.7448
16440,4.7457
16441,3.5590
16442,4.4389
16443,4.3060
16444,3.7924
16445,4.5718
16446,3.0202
16447,4.1120
16448,4.2506
16449,2.7487
16450,4.2075
16451,3.4476
16452,4.1419
16453,3.4996
16454,4.7916
16455,3.2862
16456,3.9090
16457,3.4529
16458,4.4749
16459,4.5670
16460,4.5902
16461,3.0979
16462,3.5801
16463,4.2750
16464,3.5621
16465,3.6634
16466,3.6718
16467,4.1606
16468,4.0880
16469,3.0226
16470,3.2322
16471,4.7976
16472,4.4505
16473,4.6256
16474,4.6910
16475,3.8792
16476,3.4428
16477,4.6596
16478,4.4049
16479,3.7412
16480,3.2708
16481,3.6300
16482,4.3805
16483,4.3617
16484,4.7747
16485,4.8941
16486,4.0132
16487,4.5358
16488,4.4071
16489,3.7602
16490,3.2514
16491,4.1537
16492,4.5658
16493,3.2509
16494,4.5803
16495,4.0957
16496,3.3131
16497,4.1611
16498,3.9092
16499,4.3384
16500,3.5840
16501,3.4645
16502,4.0721
16503,4.2120
16504,3.4479
16505,4.6099
16506,4.5727
16507,3.9867
16508,3.6620
16509,4.5817
16510,4.3218
16511,3.2779
16512,4.4205
16513,2.8328
16514,3.2432
16515,3.6489
16516,3.6195
16517,2.8715
16518,3.7535
16519,2.5299
16520,3.2981
16521,4.2071
16522,4.4005
16523,3.3597
16524,4.3105
16525,4.5223
16526,4.4520
16527,4.3781
16528,3.3119
16529,4.5930
16530,3.8265
16531,3.9033
16532,3.8294
16533,3.7784
16534,4.4778
16535,3.5979
16536,3.3363
16537,4.0522
16538,4.6577
16539,4.3971
16540,4.0736
16541,4.7220
16542,3.8861
16543,3.2717
16544,4.4966
16545,3.3211
16546,3.3237
16547,3.5213
16548,4.2843
16549,3.9957
16550,4.8082
16551,3.3238
16552,4.0168
16553,4.1720
16554,3.6677
16555,3.0138
16556,4.1320
16557,3.9460
16558,4.2147
16559,2.9333
16560,3.2163
16561,4.4132
16562,3.4192
16563,3.3481
16564,3.0617
16565,4.6791
16566,4.3584
16567,3.0935
16568,4.0044
16569,3.0870
16570,4.5394
16571,3.6016
16572,3.3976
16573,4.8535
16574,2.5687
16575,4.6038
16576,4.1710
16577,4.4348
16578,3.6576
16579,4.0190
16580,3.4323
16581,4.4236
16582,3.2721
16583,3.8251
16584,4.2192
16585,5.1293
16586,4.6572
16587,4.2883
16588,3.9070
16589,3.5766
16590,4.4203
16591,2.0322
16592,3.4825
16593,3.8583
16594,3.3077
16595,4.3668
16596,3.6821
16597,3.2950
16598,3.4945
16599,4.2817
16600,3.8785
16601,2.2336
16602,4.0460
16603,4.7892
16604,4.0988
16605,4.6097
16606,3.7872
16607,3.7134
16608,4.3186
16609,2.9971
16610,4.0686
16611,2.8847
16612,3.4247
16613,4.6071
16614,3.3758
16615,3.3720
16616,4.1761
16617,3.3966
16618,4.4506
16619,4.2753
16620,4.0123
16621,4.0298
16622,4.4391
16623,3.8492
16624,3.6933
16625,2.5796
16626,3.5053
16627,4.1644
16628,4.5350
16629,4.7031
16630,4.8997
16631,4.0840
16632,4.4963
16633,3.5374
16634,4.2620
16635,4.2593
16636,4.3705
16637,4.3295
16638,4.7422
16639,4.5453
16640,3.1801
16641,3.8584
16642,4.3081
16643,3.0613
16644,4.3073
16645,4.3121
16646,4.5148
16647,4.0851
16648,3.2852
16649,3.9394
16650,3.1540
16651,4.5503
16652,3.7000
16653,3.3993
16654,4.2276
16655,3.6645
16656,2.5749
16657,3.7139
16658,4.3654
16659,4.2798
16660,4.1730
16661,2.9255
16662,3.6574
16663,3.9393
16664,3.2411
16665,3.6286
16666,4.3024
16667,4.6503
16668,4.6599
16669,4.1384
16670,3.6026
16671,4.1059
16672,3.1602
16673,4.3324
16674,3.3217
16675,4.0465
16676,4.0986
16677,4.4124
16678,4.3446
16679,4.1684
16680,4.6032
16681,4.7973
16682,3.7517
16683,3.5696
16684,3.2242
16685,4.1474
16686,3.5802
16687,3.7866
16688,4.1353
16689,4.3556
16690,4.7317
16691,3.2463
16692,3.8677
16693,4.2551
16694,3.7296
16695,3.8421
16696,3.0466
16697,1.8343
16698,4.1311
16699,4.0878
16700,3.7118
16701,4.2905
16702,4.0974
16703,4.4197
16704,4.1136
16705,3.9658
16706,3.1372
16707,4.7940
16708,3.6814
16709,4.5309
16710,4.1952
16711,4.1633
16712,4.0406
16713,3.9000
16714,3.6768
16715,4.6807
16716,3.1059
16717,4.3586
16718,3.6771
16719,4.3075
16720,4.2289
16721,3.0749
16722,4.3963
16723,3.5987
16724,4.3948
16725,3.1027
16726,4.2521
16727,4.3361
16728,4.4444
16729,3.9904
16730,4.4158
16731,3.1658
16732,4.3407
16733,4.3672
16734,3.9297
16735,3.8877
16736,4.7109
16737,2.4849
16738,3.1915
16739,4.1012
16740,3.2357
16741,4.0473
16742,3.1274
16743,3.9582
16744,4.2687
16745,4.1246
16746,2.7995
16747,2.9544
16748,3.9656
16749,3.6625
16750,4.6743
16751,2.7513
16752,4.1527
16753,4.3750
16754,3.1705
16755,4.4058
16756,4.4476
16757,4.3186
16758,3.7222
16759,3.9887
16760,4.1448
16761,2.6025
16762,3.8692
16763,4.0214
16764,3.5913
16765,2.6374
16766,4.3641
16767,3.9069
16768,3.7439
16769,2.1958
16770,4.3446
16771,4.1013
16772,2.5944
16773,4.4587
16774,4.1798
16775,3.2848
16776,4.1180
16777,4.3779
16778,2.8856
16779,4.2852
16780,4.9957
16781,4.7643
16782,3.2886
16783,4.4414
16784,3.7268
16785,4.5205
16786,3.8466
16787,4.0242
16788,3.1395
16789,3.1674
16790,3.6327
16791,4.1838
16792,2.7597
16793,4.4951
16794,3.7618
16795,4.7321
16796,2.3485
16797,4.3198
16798,3.1835
16799,3.5008
16800,3.6420
16801,4.4012
16802,3.2827
16803,3.3757
16804,4.8064
16805,3.9787
16806,4.5250
16807,3.8663
16808,3.5000
16809,4.5461
16810,4.0837
16811,3.6351
16812,4.0307
16813,4.2614
16814,3.9040
16815,3.5192
16816,4.5756
16817,3.6381
16818,4.3725
16819,3.4785
16820,2.7350
16821,4.8569
16822,4.1675
16823,3.3063
16824,4.3295
16825,3.9779
16826,3.5038
16827,3.5172
16828,3.9482
16829,3.6456
16830,4.3284
16831,3.7298
16832,4.1955
16833,3.2000
16834,4.5548
16835,3.7301
16836,3.9598
16837,3.2997
16838,3.5796
16839,3.3756
16840,4.4113
16841,4.4177
16842,4.3132
16843,4.2074
16844,4.1470
16845,4.9371
16846,3.6822
16847,4.1764
16848,4.4440
16849,3.6773
16850,4.3706
16851,3.4583
16852,4.6311
16853,3.7792
16854,2.8666
16855,4.0688
16856,4.4628
16857,4.4496
16858,4.2890
16859,3.4729
16860,2.8936
16861,3.3507
16862,4.1427
16863,2.4795
16864,2.8062
16865,4.3496
16866,3.2324
16867,4.6687
16868,4.7454
16869,4.6050
16870,4.3231
16871,3.0995
16872,3.7484
16873,2.8202
16874,3.8382
16875,3.1752
16876,4.2756
16877,3.8824
16878,3.7138
16879,3.3558
16880,4.5626
16881,4.6179
16882,3.7652
16883,4.4938
16884,3.4599
16885,4.3165
16886,3.6455
16887,3.6033
16888,4.3570
16889,4.4111
16890,4.4567
16891,4.1560
16892,3.7178
16893,2.8462
16894,5.0632
16895,2.7388
16896,4.3462
16897,4.5788
16898,2.8934
16899,2.5949
16900,4.6380
16901,3.6569
16902,3.8004
16903,3.0929
16904,4.9197
16905,4.8078
16906,4.0648
16907,4.2785
16908,3.0369
16909,2.8408
16910,3.9595
16911,3.3910
16912,3.3375
16913,3.8009
16914,4.4014
16915,4.2345
16916,4.2871
16917,4.0857
16918,3.7007
16919,3.2868
16920,2.7476
16921,2.8829
16922,4.1708
16923,3.0623
16924,4.4484
16925,4.4984
16926,3.4334
16927,2.6785
16928,2.7328
16929,4.1559
16930,4.1709
16931,3.6406
16932,3.9593
16933,3.3918
16934,4.1339
16935,4.6042
16936,4.5683
16937,4.4838
16938,4.0919
16939,4.1397
16940,4.0088
16941,3.9926
16942,3.2743
16943,3.1161
16944,4.3796
16945,4.4939
16946,4.6771
16947,3.9356
16948,4.2150
16949,4.1282
16950,2.8648
16951,4.2038
16952,4.3809
16953,4.0315
16954,3.7952
16955,4.5306
16956,5.0912
16957,3.2898
16958,2.8300
16959,3.4377
16960,3.7923
16961,3.5498
16962,3.6325
16963,4.5821
16964,3.2248
16965,4.6364
16966,3.8152
16967,3.8542
16968,3.3290
16969,4.4489
16970,4.9120
16971,3.4360
16972,4.8346
16973,4.4917
16974,3.0123
16975,3.9625
16976,3.7574
16977,3.7287
16978,3.7485
16979,4.3539
16980,3.6880
16981,3.0160
16982,4.1534
16983,4.2300
16984,4.2656
16985,4.5572
16986,4.5242
16987,2.6754
16988,3.5189
16989,3.7614
16990,4.3470
16991,3.5073
16992,4.4838
16993,4.4487
16994,4.6518
16995,4.1059
16996,3.2359
16997,3.3885
16998,5.0850
16999,4.4246
17000,3.0627
17001,3.7044
17002,4.7542
17003,3.3066
17004,4.2477
17005,3.2677
17006,3.7272
17007,2.6211
17008,3.4008
17009,4.1730
17010,4.0546
17011,4.2767
17012,3.6299
17013,3.0600
17014,4.4087
17015,3.7267
17016,4.5488
17017,3.7082
17018,4.5461
17019,3.8307
17020,4.4300
17021,4.2787
17022,4.3113
17023,3.5760
17024,4.4745
17025,4.7048
17026,2.8467
17027,3.3974
17028,3.6011
17029,4.0516
17030,3.2731
17031,4.4448
17032,3.3464
17033,3.4610
17034,3.3561
17035,3.9796
17036,3.6969
17037,2.7078
17038,3.7425
17039,3.4835
17040,3.8173
17041,4.3890
17042,4.0833
17043,3.8041
17044,3.0929
17045,3.9272
17046,4.4584
17047,4.1557
17048,3.5130
17049,3.7580
17050,4.5637
17051,4.5085
17052,4.1813
17053,3.7148
17054,4.4671
17055,4.8003
17056,4.3081
17057,4.2736
17058,3.0222
17059,3.9057
17060,5.1194
17061,4.4000
17062,3.4597
17063,4.4419
17064,4.3776
17065,3.3787
17066,3.1044
17067,4.1909
17068,3.4007
17069,3.5735
17070,4.4041
17071,3.3117
17072,2.9986
17073,4.4107
17074,4.5408
17075,4.5950
17076,3.9654
17077,3.5452
17078,3.7515
17079,4.3257
17080,3.3998
17081,4.0726
17082,3.4925
17083,3.6918
17084,3.1385
17085,2.5778
17086,3.0622
17087,4.7413
17088,4.4078
17089,2.7364
17090,4.3218
17091,3.2062
17092,2.8974
17093,3.1579
17094,4.6730
17095,4.5152
17096,3.5722
17097,3.8986
17098,4.6879
17099,3.1607
17100,2.9664
17101,3.3246
17102,4.3763
17103,3.8442
17104,4.6522
17105,2.2885
17106,3.7038
17107,2.4978
17108,3.0266
17109,3.5787
17110,3.9563
17111,4.1383
17112,3.4398
17113,3.1440
17114,4.4601
17115,3.7962
17116,3.8005
17117,4.3784
17118,4.1914
17119,4.4314
17120,4.0354
17121,3.3219
17122,3.1237
17123,4.6839
17124,4.0892
17125,3.2278
17126,4.3763
17127,4.0011
17128,4.6289
17129,3.6250
17130,4.2181
17131,4.0038
17132,4.2426
17133,4.4509
17134,4.5840
17135,2.6814
17136,3.6338
17137,2.5127
17138,4.2498
17139,4.6181
17140,3.1677
17141,3.9927
17142,3.6898
17143,4.2009
17144,2.8422
17145,4.2072
17146,4.4544
17147,4.6060
17148,3.5008
17149,3.0679
17150,3.7464
17151,3.0325
17152,4.1050
17153,4.0672
17154,3.2060
17155,4.4867
17156,3.5969
17157,2.7752
17158,3.4429
17159,4.1191
17160,4.2374
17161,3.0266
17162,4.2339
17163,4.7154
17164,4.6544
17165,4.4371
17166,4.4603
17167,3.8937
17168,4.6611
17169,4.2728
17170,3.6424
17171,3.8893
17172,4.1883
17173,4.1864
17174,3.2903
17175,4.5548
17176,4.4435
17177,4.6261
17178,3.0297
17179,1.6090
17180,4.1052
17181,3.7484
17182,2.3927
17183,3.5196
17184,4.2842
17185,4.5242
17186,4.3904
17187,4.3486
17188,3.8128
17189,4.2027
17190,3.0770
17191,3.7615
17192,4.5073
17193,3.9971
17194,3.9117
17195,3.0525
17196,3.5917
17197,4.5764
17198,4.4938
17199,4.1306
17200,4.2920
17201,3.8704
17202,4.1016
17203,3.8760
17204,4.0293
17205,4.1198
17206,4.3524
17207,4.6221
17208,4.4722
17209,3.4242
17210,3.4948
17211,3.9866
17212,3.9296
17213,2.5126
17214,3.7123
17215,4.3714
17216,4.4695
17217,3.3479
17218,4.7083
17219,4.5100
17220,3.4769
17221,4.0495
17222,4.0118
17223,3.5267
17224,3.3089
17225,2.5759
17226,4.6954
17227,3.8769
17228,4.0587
17229,3.5407
17230,4.2875
17231,4.2058
17232,4.7271
17233,2.7738
17234,3.5737
17235,3.1803
17236,3.2318
17237,4.0193
17238,2.4706
17239,3.3574
17240,4.3052
17241,4.6957
17242,4.7291
17243,4.4871
17244,3.0934
17245,3.9933
17246,4.0854
17247,3.3099
17248,4.5837
17249,3.0004
17250,4.1452
17251,4.1149
17252,4.5009
17253,3.0394
17254,4.1724
17255,4.1145
17256,4.4855
17257,4.3993
17258,4.2642
17259,3.7111
17260,3.5236
17261,4.5029
17262,3.6889
17263,4.7488
17264,3.5737
17265,4.5607
17266,4.1947
17267,2.9714
17268,4.6140
17269,3.7645
17270,4.6298
17271,4.1712
17272,3.8719
17273,3.7417
17274,4.2439
17275,3.7545
17276,4.2653
17277,4.7377
17278,3.2474
17279,4.1742
17280,3.8343
17281,4.2212
17282,4.2242
17283,3.7177
17284,3.0521
17285,3.2450
17286,4.4929
17287,2.6074
17288,3.1765
17289,3.9166
17290,3.0440
17291,4.4869
17292,4.7427
17293,4.3301
17294,3.3377
17295,3.4457
17296,2.2663
17297,4.5209
17298,3.1548
17299,4.2586
17300,3.8241
17301,3.9297
17302,4.1611
17303,3.7348
17304,3.7980
17305,4.2962
17306,4.3322
17307,2.5619
17308,4.5720
17309,4.2331
17310,3.4497
17311,3.3532
17312,4.2406
17313,4.1122
17314,4.2456
17315,3.8776
17316,4.5494
17317,2.8846
17318,4.3268
17319,4.3325
17320,3.0388
17321,4.7501
17322,4.6099
17323,4.3046
17324,4.3485
17325,4.0812
17326,4.5491
17327,4.3901
17328,4.7677
17329,4.2136
17330,3.3704
17331,4.5817
17332,3.7074
17333,4.0948
17334,4.2445
17335,2.8182
17336,4.1774
17337,4.6747
17338,2.7501
17339,4.4107
17340,2.6530
17341,4.0189
17342,3.8264
17343,4.1221
17344,3.6434
17345,2.9048
